DATE,LambertBridge.ft,LambertBridge.CFS,Mill.School.ft,Mill.Puccioni.in,Felta.in,Austin.ft,Austin.CFS,Mar14.in,Wil3.ft,Maacama.ft,Maacama.CFS,SantaRosa.ft,SantaRosa.CFS
1/1/2015,8.571875,141.7395833,down,down,3.032340116,3.890729167,103.1145833,19.96706508,1.554020833,5.5203125,46.03125,24.0296875,27.0625
1/2/2015,8.551770833,139.3333333,down,down,2.865953947,down,3.847627119,19.82920552,1.524979167,5.4859375,42.59375,24.00364583,25.23958333
1/3/2015,8.531145833,135.125,down,down,2.655834441,down,3.7768,19.69078946,1.502802083,5.455729167,39.57291667,23.9784375,23.60416667
1/4/2015,8.5121875,132.4166667,down,down,2.455950798,3.738333333,83.35555556,19.61103726,1.4831875,5.425625,36.5625,23.954375,21.95833333
1/5/2015,8.499479167,129.8958333,down,down,2.301809211,3.683894737,77.18947368,19.53125,1.468791667,5.3965625,33.70833333,23.9321875,20.875
1/6/2015,8.482291667,127.3958333,down,down,2.188331117,3.606067416,65.76404494,19.46808526,1.457135417,5.371041667,32.10416667,23.92458333,20.42708333
1/7/2015,8.456458333,124.0833333,down,8.971036585,2.072368421,3.579583333,61.11458333,19.36336443,1.444791667,5.341145833,29.4375,23.91208333,19.39583333
1/8/2015,8.445208333,122.5520833,down,8.875083112,1.974318484,3.557291667,57.47916667,19.32442411,1.433677083,5.315208333,27.52083333,23.89958333,18.75
1/9/2015,8.431875,119.375,down,8.753324468,1.893700133,3.535520833,54.10416667,19.23204796,1.423635417,5.297291667,26.66666667,23.88885417,18.1875
1/10/2015,8.4184375,117.1458333,down,8.636968085,1.805921053,3.516875,51.23958333,19.15267635,1.415104167,5.278229167,24.82291667,23.87145833,17.33333333
1/11/2015,8.405416667,116.0833333,down,8.509807181,1.711269947,3.499583333,48.77083333,19.09950625,1.40609375,5.260625,23.82291667,23.8546875,16.45833333
1/12/2015,8.393854167,113.7708333,down,8.378490691,1.612664474,3.480416667,46,19.48761666,1.3974375,5.2396875,22.14583333,23.84166667,15.76041667
1/13/2015,8.379166667,111.125,down,8.257563165,1.530501995,3.46125,43.35416667,19.6775266,1.392104167,5.221145833,21.29166667,23.826875,15.10416667
1/14/2015,8.334791667,105.9583333,down,8.152301747,1.446134868,3.449791667,41.96875,19.54745677,1.38490625,5.201354167,20.13541667,23.81416667,14.44791667
1/15/2015,8.3315625,105.40625,down,8.060172872,1.382563165,3.437291667,40.47916667,19.18133228,1.377614583,5.1890625,19,23.80447917,13.94791667
1/16/2015,8.347604167,106.9479167,down,8.102144282,1.44240359,3.465208333,44.04166667,19.0920047,1.382447917,5.2109375,20.64583333,23.80802083,14.11458333
1/17/2015,8.356875,108.375,down,7.997839096,1.4140625,3.445520833,41.45833333,18.93492338,1.372354167,5.20125,19.96875,23.8090625,14.23958333
1/18/2015,8.360416667,109.09375,down,7.919298537,1.348487367,3.422291667,38.22916667,18.90541891,1.36590625,5.175729167,18.55208333,23.7953125,13.45833333
1/19/2015,8.373020833,110.7708333,down,7.855718085,1.314967105,3.406041667,36.60416667,18.8659412,1.361125,5.1634375,17.96875,23.7878125,13.16666667
1/20/2015,8.3846875,112.0625,down,7.802111037,1.281582447,3.392291667,35.13541667,18.80942463,1.3555625,5.148333333,17,23.77833333,12.625
1/21/2015,8.395625,114.125,down,7.719254032,1.214677527,3.3815625,33.40625,18.74335115,1.349666667,5.1359375,16.59375,23.77145833,12.30208333
1/22/2015,8.347395833,107.2291667,down,7.633394282,1.147615132,3.3675,31.75,18.69847109,1.343552083,5.117291667,15.67708333,23.75927083,11.65625
1/23/2015,8.241458333,93.1875,down,7.563164894,1.095805921,3.3546875,30.46875,18.68256593,1.338885417,5.106354167,15,23.74729167,11.17708333
1/24/2015,8.226770833,90.35416667,down,7.507895612,1.089594415,3.3465625,29.65625,18.7037972,1.335552083,5.100625,14.97916667,23.7434375,11.04166667
1/25/2015,8.211145833,87.40625,down,7.451379654,1.053865132,3.336875,28.6875,18.71093788,1.33165625,5.09,14,23.73760417,11.01041667
1/26/2015,8.201979167,86.1875,down,7.389461436,1.019365027,3.328541667,27.85416667,18.69736872,1.326708333,5.074479167,13.61458333,23.73333333,10.98958333
1/27/2015,8.196979167,85.38541667,down,7.317154255,0.983141447,3.320104167,27.01041667,18.70065826,1.320260417,5.047083333,12.67708333,23.7321875,10.83333333
1/28/2015,8.1921875,84.4375,down,7.252604167,0.937088816,3.3103125,26.03125,18.67727733,1.315375,5.039375,12,23.7296875,10.72916667
1/29/2015,8.1884375,83.66666667,down,7.213264628,0.900099734,3.301458333,25.14583333,18.66529593,1.30925,5.03,12,23.72645833,10.56041667
1/30/2015,8.209895833,87.04166667,down,7.16796875,0.891036184,3.298333333,24.83333333,18.65275904,1.304791667,5.022708333,11.27083333,23.721875,10.27916667
1/31/2015,8.205,86.41666667,down,7.107297207,0.853557181,3.290520833,24.05208333,18.79778933,1.301208333,5.015416667,11.13541667,23.71677083,10.03854167
2/1/2015,8.2015625,86.125,down,7.025847739,0.789976729,3.280833333,23.08333333,18.91663883,1.296416667,5.0209375,11.09375,23.704375,9.61875
2/2/2015,8.199583333,85.89583333,down,6.988863032,0.75,3.271354167,22.13541667,18.94240348,1.29321875,5.011875,10.97916667,23.70020833,9.482291667
2/3/2015,8.197291667,85.30208333,down,6.946891622,0.7421875,3.27,22,19.00699026,1.291229167,5.0059375,10.8125,23.7040625,9.645833333
2/4/2015,8.1903125,84.0625,down,6.936323925,0.7421875,3.264375,22,19.00639988,1.288802083,5.01,11,23.70083333,9.492708333
2/5/2015,8.190104167,84.02083333,down,6.913646941,0.7421875,3.260104167,22,18.98977733,1.28621875,5.002083333,11,23.69770833,9.391666667
2/6/2015,10.07791667,down,down,22.98537236,12.68284577,6.6003125,1752.260417,27.70653247,2.342583333,down,7.96,24.93291667,296.059375
2/7/2015,11.506875,down,down,31.26412898,17.71484374,7.469479167,1490.395833,29.30611558,2.786520833,down,7.971145833,25.28010417,292.625
2/8/2015,10.53520833,down,down,29.27568147,18.95487039,7.17125,1271.5,29.17212705,3.452145833,down,7.215208333,25.51520833,388.5
2/9/2015,10.53520833,down,3.6635,30.29421543,21.01687167,7.009479167,1099.75,33.57920552,2.785333333,down,8.156041667,26.20854167,633.5520833
2/10/2015,9.756354167,down,2.917857143,25.16497673,15.55962172,6.077916667,611.9895833,27.11021506,2.27546875,down,6.719583333,25.06416667,205.78125
2/11/2015,9.360833333,down,2.466785714,21.64566532,12.43517287,5.605104167,409.7083333,24.80174735,2.028427083,down,6.328125,24.803125,133.25
2/12/2015,9.1215625,down,2.164375,19.04047545,10.20653258,5.325104167,301.4583333,23.50482045,1.884510417,6.100104167,154.9375,24.6015625,90.02083333
2/13/2015,8.941979167,down,1.981724138,17.25565156,8.534539474,5.146666667,235.5416667,22.67910574,1.79040625,5.939895833,122.1458333,24.36458333,54.63541667
2/14/2015,8.774791667,down,1.847894737,15.88472409,7.270611702,5.025729167,192.4375,22.07745298,1.7260625,5.793333333,97.125,24.27197917,44.27083333
2/15/2015,8.679583333,down,1.736363636,14.93434176,6.296958112,4.939166667,164.1770833,21.62026256,1.678145833,5.6728125,79.29166667,24.19895833,37.83333333
2/16/2015,8.597604167,179.6770833,1.663125,14.1626496,5.526315789,4.869375,143.5520833,21.25370057,1.636729167,5.593333333,68.85416667,24.14552083,33.08333333
2/17/2015,8.538229167,164.8020833,1.594230769,13.51811835,4.919381649,4.8109375,127.0833333,20.95869354,1.6063125,5.534479167,61.94791667,24.09729167,29.1875
2/18/2015,8.495833333,154.1979167,1.541923077,12.97747673,4.437911184,4.769166667,114.4375,20.76612898,1.581583333,5.492395833,57.44791667,24.05621053,26.08421053
2/19/2015,8.4621875,148.1875,1.499583333,12.51638105,4.055435505,4.73625,106.4375,20.56432863,1.562072917,5.45125,53.04166667,24.03020833,24.29166667
2/20/2015,8.433125,141.71875,1.466666667,12.11685505,3.779089096,4.708125,99.84375,20.39524546,1.545416667,5.407083333,48.70833333,24.00364583,22.67708333
2/21/2015,8.4084375,136.3333333,1.436666667,11.73952793,3.540707237,4.681770833,94.35416667,20.2252327,1.529875,5.379375,45.9375,23.97989583,21.28125
2/22/2015,8.383125,130.625,1.401111111,11.32480053,3.305352394,4.655416667,88.22916667,20.10222759,1.509572917,5.356979167,43.69791667,23.95677083,19.78125
2/23/2015,8.3578125,125.46875,1.360294118,10.86186835,3.088430851,4.626041667,82.20833333,20.04197145,1.4849375,5.339583333,41.95833333,23.91604167,17.55208333
2/24/2015,8.3378125,121.0416667,1.325,10.52859043,2.820723684,4.598541667,76.70833333,20.02784212,1.464489583,5.288229167,36.82291667,23.88614583,16.10416667
2/25/2015,8.321041667,118.7083333,1.303076923,10.37400266,2.666638963,4.5803125,73.9375,20.01870006,1.455583333,5.271354167,35.13541667,23.8765625,15.5625
2/26/2015,8.314479167,117.875,1.287419355,10.18229167,2.574424342,4.566354167,71.27083333,20.0315822,1.44659375,5.2546875,33.57291667,23.8696875,15.20833333
2/27/2015,8.303958333,115.7916667,1.272857143,10.01163564,2.473819814,4.5490625,67.8125,20.02701109,1.435666667,5.233645833,32.36458333,23.85833333,14.69791667
2/28/2015,8.289479167,112.8958333,1.257142857,9.827543218,2.379488032,4.5371875,65.71875,19.98478632,1.426947917,5.203020833,29.30208333,23.855625,14.51041667
3/1/2015,8.277395833,110.4791667,1.238461538,9.584025931,2.231907895,4.5196875,62.9375,19.88738335,1.415364583,5.19125,28.80208333,23.8578125,14.70833333
3/2/2015,8.2684375,108.7395833,1.226923077,9.428607048,2.111452793,4.5071875,60.71875,19.8853058,1.407541667,5.166979167,27.15625,23.83447917,13.45833333
3/3/2015,8.260625,107.21875,1.209615385,9.230801197,1.964760638,4.4909375,58.1875,19.82837453,1.397989583,5.1303125,24.1875,23.80697917,12.03125
3/4/2015,8.246770833,105.1770833,1.195833333,9.049617686,1.828536184,4.475833333,55.58333333,19.76891448,1.38978125,5.114166667,23.41666667,23.80875,12.21875
3/5/2015,8.2428125,104.5625,1.178214286,8.862987231,1.684258644,4.459375,53,19.72490006,1.38065625,5.09125,21.86458333,23.79020833,11.26041667
3/6/2015,8.238645833,103.7291667,1.168518519,8.740857713,1.599917763,4.448020833,51.60416667,19.67253999,1.3735625,5.084895833,21.40625,23.77947917,10.97916667
3/7/2015,8.226875,101.3854167,1.159642857,8.64943484,1.5625,4.4378125,49.34375,19.66339781,1.368708333,5.089895833,21.72916667,23.77322917,10.85416667
3/8/2015,8.228152174,101.6304348,1.149285714,8.538628472,1.521291209,4.422282609,46.22826087,19.6445313,1.363021739,5.08076087,21.13043478,23.76597826,10.47717391
3/9/2015,8.216666667,99.33333333,1.14,8.457862367,1.482319079,4.4109375,45.09375,19.64428213,1.359645833,5.070729167,21,23.75958333,10.184375
3/10/2015,8.218854167,99.77083333,1.130384615,8.380152926,1.438137755,4.400833333,43.16666667,19.61101976,1.356572917,5.060208333,20.02083333,23.753125,9.967708333
3/11/2015,8.216458333,99.29166667,1.124285714,8.27293883,1.41747008,4.391770833,42.17708333,19.61893297,1.35209375,5.054270833,19.42708333,23.73802083,9.401041667
3/12/2015,8.207708333,97.59375,1.11,8.153257979,1.326891447,4.378854167,40.67708333,19.56823449,1.345979167,5.0321875,18.5,23.74104167,9.50625
3/13/2015,8.207395833,97.54166667,1.101153846,8.072916667,1.272855718,4.360625,38.0625,19.56865006,1.34053125,5.018541667,17.59375,23.72854167,9.080208333
3/14/2015,8.204166667,96.85416667,1.098076923,8.51853391,1.206825658,4.348854167,36.88541667,19.57197448,1.33609375,5.013958333,17.39583333,23.7175,8.730208333
3/15/2015,8.200833333,96.21875,1.087,9.908577128,1.14112367,4.337708333,35.77083333,19.52097053,1.329114583,4.99875,16.79166667,23.71302083,8.590625
3/16/2015,8.196875,95.72916667,1.079615385,9.893617021,1.092918883,4.328854167,34.77083333,19.48969462,1.324229167,4.9859375,15.83333333,23.705625,8.36875
3/17/2015,8.193854167,95.375,1.069032258,9.832114362,1.053042763,4.317604167,32.76041667,19.43941146,1.31896875,4.975833333,15.55208333,23.69666667,8.1
3/18/2015,8.186041667,94.16666667,1.06,9.701628989,0.98487367,4.301145833,31.11458333,19.39802607,1.31465625,4.96375,14.75,23.688125,7.84375
3/19/2015,8.1865625,94.3125,1.051153846,9.569065824,0.93459109,4.2878125,29.78125,19.34923556,1.31128125,4.952916667,14.54166667,23.6840625,7.721875
3/20/2015,8.183854167,93.77083333,1.042307692,9.553931452,0.899671053,4.273854167,28.38541667,19.31723756,1.3068125,4.941666667,13.6875,23.67291667,7.3875
3/21/2015,8.193229167,95.35416667,1.037307692,9.474734043,0.85106383,4.265729167,27.57291667,19.30427635,1.30328125,4.9396875,13.84375,23.675,7.45
3/22/2015,8.186666667,94.19791667,1.033076923,9.516289894,0.884457237,4.2721875,28.21875,19.41994287,1.303208333,4.941354167,13.92708333,23.70697917,8.845833333
3/23/2015,8.184270833,93.85416667,1.061176471,9.622257314,0.932928856,4.303958333,31.63541667,19.52335447,1.3058125,4.972916667,15.33333333,23.82385417,13.62708333
3/24/2015,8.1825,93.5,1.029411765,9.438164894,0.840259309,4.26,27,19.375,1.294447917,4.9390625,13.90625,23.71489583,8.646875
3/25/2015,8.175104167,92.02083333,1.020333333,9.400764628,0.781661184,4.249166667,25.91666667,19.33593773,1.2929375,4.923854167,13.03125,23.713125,8.59375
3/26/2015,8.171145833,91.22916667,1.010666667,9.357130984,0.717253989,4.2396875,24.96875,19.296875,1.290072917,4.915833333,12.92708333,23.696875,8.10625
3/27/2015,8.167395833,90.47916667,1.002692308,9.299395161,0.683178191,4.229479167,23.94791667,19.24950106,1.285645833,4.8990625,12.25,23.67052083,7.315625
3/28/2015,8.180520833,93.10416667,0.995625,9.857047872,0.641447368,4.218229167,22.82291667,19.18301239,1.282583333,4.888125,11.60416667,23.64958333,6.698958333
3/29/2015,8.17125,91.25,0.984473684,10.69439827,0.599235372,4.206979167,22,19.13813163,1.27734375,4.86875,11,23.63864583,6.394791667
3/30/2015,8.165,90,0.98,10.73055186,0.566821809,4.2,22,19.10279561,1.273635417,4.860104167,10.84375,23.63083333,6.195833333
3/31/2015,8.161770833,89.35416667,0.970689655,10.7372008,0.489309211,4.1884375,20.84375,19.10488676,1.268427083,4.855625,10.52708333,23.61791667,5.873958333
4/1/2015,8.158125,88.625,0.96,10.77917221,0.436336436,4.179375,19.9375,19.09366654,1.264010417,4.843020833,9.930208333,23.6046875,5.5375
4/2/2015,8.154270833,87.89583333,0.9534375,10.83984375,0.39353391,4.1709375,19.09375,19.07122662,1.262208333,4.838125,9.841666667,23.6009375,5.441666667
4/3/2015,8.148541667,86.94791667,0.95,10.89759745,0.373355263,4.169791667,18.97916667,19.07442419,1.258770833,4.826875,9.491666667,23.59020833,5.208333333
4/4/2015,8.150416667,87.17708333,0.945333333,10.86519282,0.35447141,4.160208333,18.02083333,19.08826446,1.257927083,4.807708333,8.83125,23.58760417,5.15625
4/5/2015,8.153020833,87.63541667,0.962,11.16439495,0.564744016,4.178020833,19.80208333,19.22373651,1.267989583,4.819270833,9.233333333,23.73166667,10.1375
4/6/2015,8.1440625,86.22916667,0.9653125,11.08793218,0.503289474,4.1821875,20.21875,19.24383195,1.269583333,4.819583333,9.263541667,23.65177083,6.804166667
4/7/2015,8.2096875,98.15625,1.189375,9.729886968,1.963513963,4.500729167,63.97916667,20.33286224,1.39421875,5.000416667,17.096875,24.2771875,63.528125
4/8/2015,8.171979167,91.39583333,1.056,7.534906915,1.268284574,4.309583333,34.71875,20.05460354,1.31965625,4.932916667,12.01666667,23.77385417,10.975
4/9/2015,8.158645833,88.73958333,1.011153846,7.190020161,0.994654605,4.225625,25.5625,19.4734873,1.292635417,4.868541667,8.340625,23.68583333,7.775
4/10/2015,8.1484375,86.875,0.98862069,6.920295878,0.822779605,4.194375,22.55208333,19.32072396,1.278875,4.847291667,7.61875,23.66041667,7.0125
4/11/2015,8.146979167,86.73958333,0.971176471,6.760305851,0.68359375,4.169895833,20.98958333,19.24876609,1.272541667,4.833125,7.20625,23.63447917,6.279166667
4/12/2015,8.144895833,86.47916667,0.959333333,6.660571809,0.583881579,4.156041667,19.60416667,19.21542559,1.263770833,4.824166667,6.983333333,23.6253125,6.038541667
4/13/2015,8.141145833,86.0625,0.947931034,7.061170213,0.518201463,4.144375,18.4375,19.17553221,1.257635417,4.81375,6.7125,23.6146875,5.795833333
4/14/2015,8.1375,85.48958333,0.933529412,7.840757979,0.40184508,4.1284375,17.77083333,19.1065488,1.250322917,4.799791667,6.3125,23.59822917,5.390625
4/15/2015,8.134375,84.86458333,0.928648649,7.747257314,0.350740132,4.12,17,19.07787547,1.247614583,4.79875,6.291666667,23.6021875,5.484375
4/16/2015,8.131666667,84.33333333,0.92,7.592825941,0.298786569,4.113541667,16.35416667,19.08100305,1.24378125,4.794479167,6.176041667,23.59510417,5.308333333
4/17/2015,8.128020833,83.60416667,0.911153846,7.53615359,0.249335106,4.101770833,15.17708333,19.04837119,1.239729167,4.793333333,6.1625,23.57833333,4.934375
4/18/2015,8.1275,83.5,0.909047619,7.560255984,0.243832237,4.0996875,15,19.03216432,1.23978125,4.790625,6.098958333,23.57510417,4.851041667
4/19/2015,8.125520833,83.10416667,0.906,7.547789229,0.269281915,4.0903125,15,19.0882643,1.239125,4.797916667,6.26875,23.57416667,4.825
4/20/2015,8.124791667,82.95833333,0.903076923,7.502077793,0.2734375,4.09,15,19.08992651,1.239614583,4.799791667,6.311458333,23.57041667,4.717708333
4/21/2015,8.123020833,82.60416667,0.901666667,7.485039894,0.295230263,4.09,15,19.07995323,1.240885417,4.8034375,6.421875,23.58270833,5.054166667
4/22/2015,8.1184375,81.70833333,0.904642857,7.473404255,0.293384309,4.089479167,14.94791667,19.10322426,1.238520833,4.804895833,6.458333333,23.57760417,4.920833333
4/23/2015,8.115934066,81.20879121,0.891923077,7.325268817,0.215259309,4.08,14,19.082031,1.236583333,4.7953125,6.203125,23.57104167,4.735416667
4/24/2015,8.113333333,80.75,0.882666667,7.227809176,0.147203947,4.073645833,13.32291667,19.02052866,1.231875,4.7878125,6.032291667,23.5753125,5.029166667
4/25/2015,8.122916667,82.58333333,0.957428571,7.937583112,0.553939495,4.193020833,22.78125,19.54870338,1.30459375,4.859166667,7.989583333,24.00770833,28.68125
4/26/2015,8.1171875,81.4375,0.897380952,7.027094415,0.16456117,4.10875,16.05208333,19.26521373,1.252979167,4.806979167,6.53125,23.6346875,6.322916667
4/27/2015,8.107395833,79.80208333,0.880882353,6.926113697,0.087993421,4.0803125,14.03125,19.140625,1.245760417,4.783541667,5.930208333,23.595625,5.329166667
4/28/2015,8.107849462,79.88172043,0.870952381,6.859624335,0.04737367,4.064791667,13,19.04233894,1.23971875,4.759375,5.384375,23.59510417,5.330208333
4/29/2015,8.1065625,79.66666667,0.867931034,6.793550532,0.026726974,4.052395833,12.23958333,18.98853064,1.2346875,4.742604167,4.98125,23.5640625,4.588541667
4/30/2015,8.103125,79.21875,0.858571429,6.728830645,0.012882314,4.0453125,12,18.92952109,1.229666667,4.737395833,4.871875,23.57052083,4.748958333
5/1/2015,8.120833333,82.28125,0.84547619,6.633976064,0,4.032083333,11.20833333,18.8430853,1.22303125,4.725,4.6,down,23.55
5/2/2015,8.164479167,89.89583333,0.8403125,6.607795878,0,4.027708333,10.77083333,18.83311177,1.220104167,4.7228125,4.55625,down,down
5/3/2015,8.168958333,90.79166667,0.841071429,6.600731383,0,4.027604167,10.76041667,18.81939816,1.221604167,4.7259375,4.61875,down,down
5/4/2015,8.1678125,90.5625,0.85,6.567902261,0,4.03,11,18.78781534,1.223864583,4.728645833,4.672916667,down,down
5/5/2015,8.162083333,89.41666667,0.845483871,6.511801862,0,4.023958333,10.39583333,18.74584447,1.220510417,4.724270833,4.585416667,down,down
5/6/2015,8.146041667,86.63541667,0.8353125,6.396276596,0,4.014479167,9.963541667,18.76495991,1.21725,4.717604167,4.453125,down,down
5/7/2015,8.131770833,84.32291667,0.821111111,6.293218085,0,4.003645833,9.548958333,18.78781554,1.215302083,4.7078125,4.292708333,down,down
5/8/2015,8.1340625,84.6875,0.813571429,6.252940188,0,3.997395833,9.269791667,18.78573797,1.212,4.703645833,4.233333333,down,down
5/9/2015,8.129583333,83.91666667,0.810714286,6.234624335,0,3.994270833,9.113541667,18.8235538,1.21040625,4.7028125,4.21875,down,down
5/10/2015,8.128020833,83.60416667,0.812142857,6.213015293,0,3.99125,8.9625,18.83018095,1.209854167,4.702291667,4.2125,down,down
5/11/2015,8.126979167,83.39583333,0.806451613,6.192237367,0,3.9878125,8.790625,18.81690478,1.198645833,4.6975,4.134375,down,down
5/12/2015,8.1253125,83.0625,0.793125,6.099983378,0,3.979583333,8.379166667,18.73088455,1.20859375,4.6796875,3.79375,down,down
5/13/2015,8.124166667,82.83333333,0.787777778,6.099567819,0,3.975208333,8.160416667,18.79321779,1.202333333,4.67375,3.675,down,down
5/14/2015,8.122291667,82.45833333,0.789166667,6.126994681,0,3.97875,8.3375,18.80277565,1.200927083,4.673541667,3.670833333,down,down
5/15/2015,8.117894737,81.71578947,0.791489362,7.44077621,0,3.977395833,8.269791667,18.79820445,1.197145833,4.68,3.8,down,down
5/16/2015,8.115,81.0106383,0.785,8.924950133,0,3.971979167,8.002083333,18.80152891,1.195385417,4.673541667,3.670833333,down,down
5/17/2015,8.119891304,81.97826087,0.775769231,8.943234707,0,3.967708333,7.808333333,18.80776237,1.193697917,4.675729167,3.71875,down,down
5/18/2015,8.119368421,81.87368421,0.757666667,8.970661569,0,3.9625,7.6,18.80568462,1.193104167,4.6821875,3.84375,down,down
5/19/2015,8.11393617,80.90425532,0.750666667,9.013464096,0,3.961041667,7.541666667,18.76038887,1.192708333,4.683020833,3.860416667,down,down
5/20/2015,8.113333333,80.83333333,0.754375,9.030917553,0,3.959583333,7.476041667,18.80124299,1.193166667,4.681145833,3.822916667,down,down
5/21/2015,8.124270833,82.79166667,0.761153846,9.014710771,0,3.958854167,7.442708333,18.78573769,1.194427083,4.678645833,3.772916667,down,down
5/22/2015,8.128947368,83.75789474,0.752692308,8.971908245,0,3.95625,7.3125,18.81856703,1.194239583,4.675416667,3.716666667,down,down
5/23/2015,8.147894737,86.85263158,0.739285714,8.946152554,0,3.949479167,6.992708333,18.83477402,1.189229167,4.666458333,3.564583333,down,down
5/24/2015,8.147659574,86.78723404,0.732368421,8.706366356,0,3.945520833,6.820833333,18.83394289,1.187489583,4.661875,3.503125,down,down
5/25/2015,8.14967033,87.10989011,0.728666667,8.494431516,0,3.937083333,6.483333333,18.77992006,1.187510417,4.6571875,3.44375,down,down
5/26/2015,8.147291667,86.75,0.728214286,8.460771277,0,3.936979167,6.479166667,18.80028245,1.177793814,4.657395833,3.44375,down,down
5/27/2015,8.1459375,86.58333333,0.735428571,8.463264628,0,3.935,6.4,18.79778889,1.169572917,4.653958333,3.379166667,down,down
5/28/2015,8.144468085,86.41489362,0.727894737,8.426695479,0,3.928645833,6.145833333,18.75041118,1.182541667,4.645625,3.220833333,down,down
5/29/2015,8.143229167,86.21875,0.744242424,8.38721742,0,3.927291667,6.091666667,18.73130004,1.194708333,4.625208333,3.0375,down,down
5/30/2015,8.144105263,86.36842105,0.721875,8.356854839,0,3.9196875,5.811458333,18.78066162,1.19134375,4.6125,2.85,down,down
5/31/2015,8.147083333,86.72916667,0.721,8.3203125,0,3.9159375,5.678125,18.78124974,1.190677083,4.6096875,2.798958333,down,down
6/1/2015,8.144791667,86.42708333,0.715769231,8.327792553,0,3.924166667,5.976041667,18.82770494,1.198125,4.612604167,2.852083333,down,down
6/2/2015,8.141458333,85.9375,0.714,8.351894947,0,3.928229167,6.129166667,18.81025596,1.19690625,4.617395833,2.94375,down,down
6/3/2015,8.140104167,85.80208333,0.711935484,8.20021609,0,3.914583333,5.632291667,18.82729387,1.191416667,4.596979167,2.669791667,down,down
6/4/2015,8.138854167,85.58333333,0.689,8.100482048,0,3.903229167,5.253125,18.82895613,1.188697917,4.588125,2.551041667,down,down
6/5/2015,8.148645833,87.16666667,0.65625,8.046875,0,3.893958333,4.91875,18.78989355,1.185177083,4.58375,2.475,down,down
6/6/2015,8.1665625,90.3125,0.651515152,7.945228495,0,3.883854167,4.608333333,18.83593762,1.1840625,4.580625,2.423958333,down,down
6/7/2015,8.170208333,91.04166667,0.657333333,7.988696809,0,3.885208333,4.655208333,18.85794729,1.18278125,4.582708333,2.4625,down,down
6/8/2015,8.166458333,90.29166667,0.650357143,7.902676197,0,3.877604167,4.389583333,18.81784547,1.178072917,4.572395833,2.328125,down,down
6/9/2015,8.1703125,91.0625,0.633125,7.731881649,0,3.8628125,3.911458333,18.86634776,1.1745,4.5575,2.175,down,down
6/10/2015,8.189479167,94.80208333,0.628928571,7.899767287,0,3.857395833,3.747916667,18.99601083,1.17484375,4.5459375,2.059375,down,down
6/11/2015,8.1915625,94.89583333,0.624375,7.901013963,0,3.8559375,3.71875,18.99991618,1.172635417,4.550520833,2.105208333,down,down
6/12/2015,8.192291667,95.07291667,0.604285714,7.728557181,0,3.84625,3.486458333,18.98562169,1.1661875,4.522291667,1.822916667,down,down
6/13/2015,8.192916667,95.13541667,0.595714286,7.538222446,0,3.835729167,3.171875,18.93035231,1.166020833,4.475625,1.357291667,down,down
6/14/2015,8.1953125,95.54166667,0.584193548,7.578540559,0,3.833541667,3.109375,18.96085319,1.164916667,4.450104167,1.154166667,down,down
6/15/2015,8.195625,95.55208333,0.574814815,7.650016622,0,3.834270833,3.129166667,18.9274433,1.162927083,4.4990625,1.590625,down,down
6/16/2015,8.191875,94.9375,0.574615385,7.479637633,0,3.828645833,2.992708333,18.9660902,1.157385417,4.547291667,2.072916667,down,down
6/17/2015,8.191354167,94.88541667,0.591785714,7.267702793,0,3.821875,2.8375,18.95528581,1.157375,4.5184375,1.805208333,down,down
6/18/2015,8.188645833,94.61458333,0.561785714,7.072805851,0,3.811145833,2.589583333,18.90500343,1.156083333,4.383020833,0.791666667,down,down
6/19/2015,8.187083333,94.21875,0.543928571,6.753192204,0,3.795520833,2.211458333,18.81342415,1.15434375,4.201666667,0.17375,down,down
6/20/2015,8.186875,94.35416667,0.525833333,6.505152926,0,3.785625,2.025,18.84890311,1.153052083,4.058229167,0.024791667,down,down
6/21/2015,8.1928125,95.25,0.513571429,6.485621676,0,3.776458333,1.864583333,18.83976079,1.154354167,3.944895833,0,down,down
6/22/2015,8.1934375,95.25,0.490357143,6.629820479,0,3.784479167,1.989583333,18.80838357,1.15471875,3.88516129,0,down,down
6/23/2015,8.190625,94.79166667,0.444230769,6.562084441,0,3.7846875,2.007291667,18.76080461,1.153458333,3.8678125,0,down,down
6/24/2015,8.183958333,93.76041667,0.390588235,6.220495346,0,3.773229167,1.80625,18.76644743,1.150302083,3.9071875,0,down,down
6/25/2015,8.181458333,93.29166667,0.299285714,6.026429521,0,3.757395833,1.547916667,18.80292325,1.14640625,3.886770833,0,down,down
6/26/2015,8.179270833,92.85416667,0.175,5.935006649,0,3.746770833,1.367708333,18.82236844,1.14275,3.794270833,0,down,down
6/27/2015,8.182708333,93.54166667,0.038928571,5.527759309,0,3.74,1.3,18.82812501,1.144333333,3.655520833,0,down,down
6/28/2015,8.184895833,93.94791667,0.049032258,5.62209109,0,3.746979167,1.369791667,18.86344769,1.147302083,3.519166667,0,down,down
6/29/2015,8.296979167,115.5416667,0.04862069,5.555695565,0.002493351,3.754479167,1.489583333,18.85332658,1.146989583,3.3946875,0,down,down
6/30/2015,8.485104167,152.5833333,0.045666667,5.634557846,0,3.752291667,1.46875,18.78864699,1.147395833,3.37,0,down,down
7/1/2015,8.37875,131.2604167,0.045666667,5.317486702,0,3.737395833,1.240625,18.82560495,1.141041667,3.37,0,down,down
7/2/2015,8.207916667,97.79166667,0.048214286,5.071891622,0,3.723854167,1.038541667,18.82438506,1.14396875,3.37,0,down,down
7/3/2015,8.196666667,95.69791667,0.046428571,5.123005319,0,3.71625,0.95875,18.86466748,1.14109375,3.37,0,down,down
7/4/2015,8.192916667,95.17708333,0.047352941,5.009973404,0,3.716875,0.965416667,18.84183857,1.140395833,3.37,0,down,down
7/5/2015,8.1921875,95.13541667,0.048846154,5.029920213,0,3.709270833,0.881979167,18.91675054,1.145916667,3.37,0,down,down
7/6/2015,8.185729167,93.95833333,0.047857143,5.024781586,0,3.709479167,0.884270833,18.89793895,1.14296875,3.37,0,down,down
7/7/2015,8.180208333,93.04166667,0.048,5.051944814,0,3.714375,0.938125,18.87726853,1.138375,3.37,0,down,down
7/8/2015,8.178333333,92.66666667,0.048717949,4.99168883,0,3.712708333,0.919791667,18.90871719,1.145229167,3.37,0,down,down
7/9/2015,8.184479167,93.88541667,0.05,5.342835771,0,3.719791667,1.005729167,19.04485889,1.159375,3.37,0,down,down
7/10/2015,8.191458333,95.07291667,0.05,6.355721393,0,3.769479167,1.75625,19.07455104,1.154958333,3.37,0,down,down
7/11/2015,8.1865625,94.26041667,0.048,6.206781915,0,3.800208333,2.35,19.10114218,1.140354167,3.37,0,down,down
7/12/2015,8.1878125,94.51041667,0.048,5.70021609,0,3.777395833,1.884375,19.0363199,1.137291667,3.37,0,down,down
7/13/2015,8.184270833,93.79166667,0.045666667,5.339926862,0,3.747395833,1.378125,18.96442814,1.133260417,3.37,0,down,down
7/14/2015,8.182604167,93.52083333,0.0453125,4.942237367,0,3.735104167,1.202083333,18.99025545,1.126177083,3.37,0,down,down
7/15/2015,8.1803125,93.0625,0.046666667,4.502992021,0,3.733020833,1.167708333,18.93409249,1.121645833,3.37,0,down,down
7/16/2015,8.173333333,91.66666667,0.046428571,4.308510638,0,3.725729167,1.057291667,18.87134324,1.1220625,3.37,0,down,down
7/17/2015,8.178229167,92.64583333,0.045714286,4.015541888,0,3.717083333,0.9678125,18.89196902,1.12228125,3.37,0,down,down
7/18/2015,8.180208333,93.04166667,0.047142857,4.192569814,0,3.708645833,0.875104167,18.89793895,1.088135417,3.37,0,down,down
7/19/2015,8.181354167,93.27083333,0.046129032,4.27443484,0,3.7053125,0.8384375,18.90330977,0.980302083,3.37,0,down,down
7/20/2015,8.180104167,93.02083333,0.045517241,3.976894947,0,3.696979167,0.749791667,18.91633052,0.834489583,3.37,0,down,down
7/21/2015,8.176666667,92.33333333,0.046428571,3.413651316,0,3.691770833,0.700729167,18.91456113,0.733302083,3.37,0,down,down
7/22/2015,8.176041667,92.20833333,0.047857143,3.02443484,0,3.669895833,0.5071875,18.87684845,0.71675,3.37,0,down,down
7/23/2015,8.173541667,91.70833333,0.048214286,2.609291888,0,3.634479167,0.274791667,18.90874332,0.7036875,3.37,0,down,down
7/24/2015,8.17375,91.75,0.047666667,3.030668218,0,3.598854167,0.117604167,18.84282605,0.66703125,3.37,0,down,down
7/25/2015,8.1775,92.5,0.048461538,2.939245346,0,3.582083333,0.074166667,18.86137006,0.633375,3.37,0,down,down
7/26/2015,8.178333333,92.66666667,0.047241379,2.952713816,0,3.576875,0.06375,18.84828632,0.621479167,3.37,0,down,down
7/27/2015,8.173229167,91.64583333,0.045806452,2.584358378,0,3.5565625,0.03,18.78366021,0.605135417,3.37,0,down,down
7/28/2015,8.166979167,90.39583333,0.0471875,2.274767287,0,3.5271875,0.00625,18.70673712,0.546552083,3.37,0,down,down
7/29/2015,8.165833333,90.16666667,0.046923077,1.96143617,0,3.4846875,0,18.73171543,0.471677083,3.37,0,down,down
7/30/2015,8.168333333,90.66666667,0.047083333,1.945644947,0,3.434166667,0,18.72963771,0.410708333,3.37,0,down,down
7/31/2015,8.181770833,93.25,0.047407407,2.055509868,0,3.399166667,0,18.7653755,0.373708333,3.37,0,down,down
8/1/2015,8.228541667,101.3854167,0.047777778,2.138464096,0,3.348958333,0,18.75209996,0.354552083,3.37,0,down,down
8/2/2015,8.286770833,112.3541667,0.047142857,2.248171543,0,3.294375,0,18.81384399,0.343104167,3.37,0,down,down
8/3/2015,8.290416667,113.0833333,0.047857143,2.714428191,0,3.24375,0,18.85555212,0.315739583,3.37,0,down,down
8/4/2015,8.2925,113.5,0.048928571,2.842420213,0,3.2109375,0,18.89960115,0.270166667,3.37,0,down,down
8/5/2015,8.290625,113.125,0.048181818,2.906416223,0,3.179479167,0,18.9606882,0.23459375,3.37,0,down,down
8/6/2015,8.2615625,106.6041667,0.048108108,2.823190789,0,3.1625,0,18.97093416,0.201052083,3.37,0,down,down
8/7/2015,8.213541667,94.47916667,0.048,2.674119016,0,3.159895833,0,18.97933468,0.164135417,3.37,0,down,down
8/8/2015,8.158854167,83.77083333,0.048214286,2.507140457,0,3.215,0,18.98936177,0.12603125,3.37,0,down,down
8/9/2015,8.159166667,83.83333333,0.047857143,2.422706117,0,3.244479167,0,18.91087027,0.09296875,3.37,0,down,down
8/10/2015,8.158229167,83.64583333,0.046666667,2.204537899,0,3.2165625,0,18.86469421,0.0596875,3.37,0,down,down
8/11/2015,8.168958333,85.41666667,0.046486486,2.220744681,0,3.18625,0,18.88692901,0.0355625,3.37,0,down,down
8/12/2015,8.1859375,88.29166667,0.047666667,2.141788564,0,3.161354167,0,18.92619656,0.07315625,3.37,0,down,down
8/13/2015,8.203541667,91.63541667,0.048181818,2.157995346,0,3.136458333,0,18.94825243,0.074958333,3.37,0,down,down
8/14/2015,8.236458333,97.32291667,0.0475,1.960115132,0,3.112708333,0,18.90749666,0.076333333,3.37,0,down,down
8/15/2015,8.2346875,97.05208333,0.046333333,1.909491356,0,3.088020833,0,18.8184644,0.07696875,3.37,0,down,down
8/16/2015,8.241041667,98.20833333,0.046976744,1.73828125,0,3.061666667,0,18.77451805,0.077114583,3.37,0,down,down
8/17/2015,8.243333333,98.67708333,0.046785714,1.55959109,0,3.031354167,0,18.80880365,0.078,3.37,0,down,down
8/18/2015,8.2440625,98.8125,0.047142857,1.454870346,0,3.000729167,0,18.84017635,0.076645833,3.37,0,down,down
8/19/2015,8.243333333,98.85416667,0.047692308,1.410773026,0,2.971875,0,18.83526555,0.076479167,3.37,0,down,down
8/20/2015,8.204166667,91.9375,0.049090909,1.509724069,0,2.942083333,0,18.85542687,0.076833333,3.37,0,down,down
8/21/2015,8.1759375,86.57291667,0.048536585,1.705452128,0,2.91625,0,18.87129939,0.077166667,3.37,0,down,down
8/22/2015,8.177083333,86.90625,0.049,2.056451613,0,2.890833333,0,18.88464119,0.077020833,3.37,0,down,down
8/23/2015,8.210520833,93.10416667,0.048846154,2.076192876,0,2.8675,0,18.86677207,0.076791667,3.37,0,down,down
8/24/2015,8.213020833,93.59375,0.048571429,2.106496711,0,2.8440625,0,18.83064529,0.076510417,3.37,0,down,down
8/25/2015,8.209895833,92.97916667,0.048461538,2.02002992,0,2.829895833,0,18.79654235,0.076875,3.37,0,down,down
8/26/2015,8.2103125,93.0625,0.048461538,1.944901316,0,2.829583333,0,18.78906262,0.077416667,3.37,0,down,down
8/27/2015,8.2046875,91.9375,0.046538462,1.854222074,0.001233553,2.830104167,0,18.75706441,0.07834375,3.37,0,down,down
8/28/2015,8.202395833,91.47916667,0.046428571,1.542553191,0,2.832916667,0,18.78528222,0.0773125,3.37,0,down,down
8/29/2015,8.207916667,92.58333333,0.0475,1.617769282,0.000406901,2.838333333,0,18.85430536,0.07553125,3.37,0,down,down
8/30/2015,8.211666667,93.33333333,0.047878788,1.553357713,0.003289474,2.831041667,0,18.8663477,0.07646875,3.37,0,down,down
8/31/2015,8.211666667,93.33333333,0.045769231,1.468583777,0.003662109,2.8128125,0,18.86718762,0.078125,3.37,0,down,down
9/1/2015,8.20875,92.73958333,0.047096774,1.436677632,0.001627604,2.791666667,0,18.84516312,0.078572917,3.37,0,down,down
9/2/2015,8.223333333,95.1875,0.048387097,1.511801862,0.000411184,2.768020833,0,18.83232532,0.079072917,3.37,0,down,down
9/3/2015,8.2253125,95.48958333,0.046363636,1.189328457,0,2.741041667,0,18.80586356,0.079885417,3.37,0,down,down
9/4/2015,8.225625,95.55208333,0.048076923,1.105385638,0.000813802,2.713333333,0,18.80236026,0.082739583,3.37,0,down,down
9/5/2015,8.225416667,95.53125,0.047179487,1.178523936,0.000822368,2.6875,0,18.81636411,0.083322917,3.37,0,down,down
9/6/2015,8.224895833,95.5,0.05,0.964638158,0.000813802,2.662604167,0,18.80360693,0.08290625,3.37,0,down,down
9/7/2015,8.2240625,95.33333333,0.048387097,0.861452793,0.002441406,2.635208333,0,18.81594422,0.082645833,3.37,0,down,down
9/8/2015,8.218125,94.375,0.047142857,1.066323138,0.002878289,2.611875,0,18.80250324,0.0815,3.37,0,down,down
9/9/2015,8.212916667,93.5625,0.047857143,1.13953293,0.00406901,2.586458333,0,18.770778,0.081166667,3.37,0,down,down
9/10/2015,8.214270833,93.83333333,0.046428571,0.988198138,0.003255208,2.58,0,18.75084004,0.080645833,3.37,0,down,down
9/11/2015,8.217291667,94.28125,0.047333333,0.988898026,0.001220703,2.58,0,18.72465094,0.08071875,3.37,0,down,down
9/12/2015,8.220625,94.9375,0.047741935,1.117852394,0,2.58,0,18.75168009,0.08040625,3.37,0,down,down
9/13/2015,8.226770833,95.69791667,0.048275862,1.040974069,0,2.58,0,18.79529566,0.078916667,3.37,0,down,down
9/14/2015,8.229895833,96.16666667,0.05,1.146525931,0,2.58,0,18.83232532,0.079072917,3.37,0,down,down
9/15/2015,8.23125,96.71875,0.0496875,1.148603723,0,2.58,0,18.85347435,0.080677083,3.37,0,down,down
9/16/2015,8.238541667,97.70833333,0.051578947,1.415296053,0,2.650729167,0,19.22505056,0.081458333,3.37,0,down,down
9/17/2015,8.247291667,99.45833333,0.048108108,4.692071144,0,2.917916667,0.111770833,19.4858871,0.08021875,3.37,0,down,down
9/18/2015,8.21875,94.22916667,0.04875,3.44040891,down,3.7928125,2.196875,19.16036619,0.08196875,3.37,0,down,down
9/19/2015,8.186979167,88.42708333,0.048928571,3.257563165,down,3.7465625,1.378125,19.08854154,0.081677083,3.37,0,down,down
9/20/2015,8.183541667,87.76041667,0.047959184,3.188164894,down,3.713229167,0.924791667,19.07330438,0.080645833,3.37,0,down,down
9/21/2015,8.176979167,86.72916667,0.047619048,3.034950658,down,3.683333333,0.620833333,19.05535947,0.0808125,3.37,0,down,down
9/22/2015,8.165,84.98958333,0.05,2.896442819,down,3.652604167,0.386145833,19.00806201,0.083385417,3.37,0,down,down
9/23/2015,8.116979167,77.33333333,0.049333333,2.835771277,down,3.591354167,0.102708333,19.00224424,0.083614583,3.37,0,down,down
9/24/2015,8.192916667,89.59375,0.048484848,2.823304521,down,3.540833333,0.013125,19.0158771,0.07678125,3.37,0,down,down
9/25/2015,8.1846875,87.96875,0.048787879,2.740192819,down,3.5090625,0,19.00159616,0.062135417,3.37,0,down,down
9/26/2015,8.173541667,86.09375,0.048571429,2.699883644,down,3.483125,0,18.98520613,0.063854167,3.37,0,down,down
9/27/2015,8.150729167,82.14583333,0.050357143,2.582648026,down,3.456666667,0,18.98479503,0.06515625,3.37,0,down,down
9/28/2015,8.153333333,82.66666667,0.051428571,2.510804521,down,3.424583333,0,18.98857532,0.065739583,3.37,0,down,down
9/29/2015,8.159375,83.875,0.050857143,2.515375665,down,3.39625,0,19.00621667,0.065270833,3.37,0,down,down
9/30/2015,8.1690625,85.60416667,0.053076923,2.610123005,down,3.365416667,0,19.05098686,0.06590625,3.37,0,down,down
10/1/2015,8.174479167,86.42708333,0.04875,2.593500665,down,3.3559375,0,19.06914885,0.067625,3.37,0,23.16210526,0.156947368
10/2/2015,8.193125,89.71875,0.050769231,2.658717105,down,3.3678125,0,19.08056092,0.067510417,3.37,0,23.16125,0.154583333
10/3/2015,8.221041667,95.01041667,0.050645161,2.642952128,down,3.405833333,0,19.09568187,0.067020833,3.37,0,23.1578125,0.145625
10/4/2015,8.225729167,95.57291667,0.048125,2.419381649,down,3.4490625,0,19.20171216,0.065979167,3.37,0,23.16385417,0.161875
10/5/2015,8.228020833,95.91666667,0.05,2.363696809,down,3.440416667,0,19.19690888,0.069364583,3.37,0,23.16989583,0.1796875
10/6/2015,8.226770833,95.73958333,0.049285714,2.445977394,down,3.40625,0,19.21542557,0.069822917,3.37,0,23.17208333,0.184166667
10/7/2015,8.2196875,94.67708333,0.049666667,2.394448138,down,3.372291667,0,19.1801078,0.069385417,3.37,0,23.16635417,0.1690625
10/8/2015,8.2159375,94.14583333,0.048666667,2.484375,down,3.343645833,0,19.16805206,0.068458333,3.37,0,23.16739583,0.170520833
10/9/2015,8.214479167,93.875,0.051666667,2.445146277,down,3.33,0,19.14734552,0.067864583,3.37,0,23.1653125,0.1646875
10/10/2015,8.2121875,93.4375,0.04875,2.521609043,down,3.337708333,0,19.15196587,0.07146875,3.37,0,23.16625,0.167083333
10/11/2015,8.22,94.85416667,0.048571429,2.43309508,down,3.34625,0,19.18799906,0.070427083,3.37,0,23.164375,0.163125
10/12/2015,8.2221875,95.08333333,0.047027027,2.468001995,down,3.323541667,0,19.19396853,0.069770833,3.37,0,23.16364583,0.1621875
10/13/2015,8.217916667,94.4375,0.049615385,2.460115132,down,3.304583333,0,19.13605389,0.068947917,3.37,0,23.15697917,0.143958333
10/14/2015,8.215729167,94.08333333,0.048461538,2.466339761,down,3.276458333,0,19.14692548,0.068513514,3.37,0,23.15760417,0.1459375
10/15/2015,8.2159375,94.16666667,0.047857143,2.311751995,down,3.241145833,0,19.11735343,down,3.37,0,23.16,0.150104167
10/16/2015,8.2196875,94.76041667,0.05,2.133892952,down,3.226354167,0,19.13397598,down,3.37,0,23.160625,0.151875
10/17/2015,8.221041667,95.07291667,0.049230769,2.32421875,down,3.21875,0,19.13096426,down,3.37,0,23.16041667,0.15125
10/18/2015,8.223125,95.28125,0.052,2.277960526,down,3.2078125,0,19.14818558,down,3.37,0,23.16489583,0.1646875
10/19/2015,8.227083333,95.72916667,0.052,2.473404255,down,3.1928125,0,19.13096426,down,3.37,0,23.1634375,0.1603125
10/20/2015,8.2225,95.10416667,0.05,2.562333777,down,3.182604167,0,19.09574443,down,3.37,0,23.1621875,0.156770833
10/21/2015,8.220520833,94.875,0.053076923,2.600149601,down,3.1846875,0,19.07912213,down,3.37,0,23.161875,0.155625
10/22/2015,8.221354167,95.01041667,0.053461538,2.539478059,down,3.205416667,0,19.05460449,down,3.37,0,23.16583333,0.1675
10/23/2015,8.222083333,95.16666667,0.054583333,2.545641447,down,3.228125,0,19.05241948,down,3.37,0,23.16604167,0.168125
10/24/2015,8.225,95.5,0.054285714,2.596409574,down,3.24,0,19.03715126,down,3.37,0,23.1625,0.1575
10/25/2015,8.228645833,95.90625,down,2.506233378,down,3.233958333,0,19.03141841,down,3.37,0,23.16,0.15
10/26/2015,8.230520833,96.17708333,0.055294118,2.577709441,down,3.223229167,0,19.02177544,down,3.37,0,23.16041667,0.15125
10/27/2015,8.292604167,108.375,0.052916667,2.615109707,down,3.22,0,19.01928231,down,3.37,0,23.16010417,0.150520833
10/28/2015,8.396458333,129.2916667,0.051428571,2.877327128,down,3.215208333,0,19.10031571,down,3.37,0,23.1765625,0.197916667
10/29/2015,8.374479167,124.4583333,0.0534375,2.789884868,down,3.2115625,0,19.10450223,down,3.37,0,23.17135417,0.18125
10/30/2015,8.331875,115.375,0.054390244,2.714428191,down,3.231041667,0,19.07771362,down,3.37,0,23.15833333,0.148333333
10/31/2015,8.332395833,115.4791667,0.052962963,2.807513298,down,3.27,0,19.04527912,down,3.37,0,23.15010417,0.130208333
11/1/2015,8.3406,117.12,0.05137931,3.101084184,down,3.3128,0,19.1856662,down,3.37,0,23.2429,1.3531
11/2/2015,8.347291667,118.4583333,0.054242424,4.676695479,down,3.469895833,0,19.69380041,down,3.37,0,23.47864583,3.8959375
11/3/2015,8.341041667,117.2083333,0.057368421,4.673786569,down,3.6578125,0.64375,19.46600723,down,3.37,0,23.29364583,0.778645833
11/4/2015,8.34,117,0.058205128,4.582779255,down,3.720104167,1.001041667,19.30227729,down,3.37,0,23.20177083,0.27875
11/5/2015,8.323333333,113.6666667,0.058333333,4.414473684,down,3.706354167,0.849895833,19.2972907,down,3.371875,0,23.17302083,0.186041667
11/6/2015,8.289021739,106.9782609,0.058571429,4.35546875,down,3.684270833,0.628958333,19.30947597,down,3.608125,0,23.179375,0.210208333
11/7/2015,8.286979167,106.7291667,0.058076923,4.437749335,down,3.651666667,0.3753125,19.30310846,down,3.749791667,0,23.17979167,0.206145833
11/8/2015,8.288125,106.8125,0.059285714,4.490109707,down,3.637708333,0.28625,19.34559817,down,3.8525,0,23.1703125,0.18
11/9/2015,8.298020833,108.6145833,0.059714286,5.750083112,down,3.7253125,1.1534375,19.55701468,down,4.2190625,1.0246875,23.3025,1.029895833
11/10/2015,8.291354167,107.3125,0.060666667,6.118009868,0,3.817916667,2.752083333,19.41994282,down,4.64625,3.277083333,23.2034375,0.2846875
11/11/2015,8.293333333,107.7291667,0.06,5.62790891,0,3.808229167,2.520833333,19.46143638,down,4.531979167,1.932291667,23.1715625,0.183125
11/12/2015,8.290520833,107.1979167,0.059655172,5.460854388,0,3.761770833,1.619791667,19.43254343,down,4.4028125,0.864166667,23.16447917,0.1634375
11/13/2015,8.288645833,106.9166667,0.05969697,5.377742686,0,3.738333333,1.259375,19.41946434,down,4.3215625,0.501458333,23.16,0.15
11/14/2015,8.289479167,107.0104167,0.0596,5.382729388,0,3.725625,1.05625,19.43068455,down,4.286041667,0.371458333,23.1715625,0.184791667
11/15/2015,8.2990625,108.8333333,0.060487805,7.209524601,0,3.834270833,3.303125,20.07224466,down,4.530625,2.184479167,23.35125,1.650833333
11/16/2015,8.297083333,108.4166667,0.060294118,6.8984375,0,3.9140625,5.654166667,19.86853153,down,4.744583333,5.015625,23.38333333,1.627916667
11/17/2015,8.296041667,108.21875,0.05925,6.388796543,0,3.827916667,3.008333333,19.67877338,down,4.639479167,2.93125,23.265625,0.574583333
11/18/2015,8.294479167,107.90625,0.0590625,6.261635638,0,3.788541667,2.070833333,19.69842056,down,4.575625,1.990625,23.22104167,0.349270833
11/19/2015,8.293020833,107.6041667,0.058235294,6.235871011,0,3.776041667,1.860416667,19.72824237,down,4.548020833,1.563541667,23.19427083,0.2528125
11/20/2015,8.294583333,107.9270833,0.05862069,6.236702128,0,3.77,1.8,19.74609352,down,4.52625,1.251041667,23.1828125,0.21125
11/21/2015,8.294791667,107.9583333,0.059411765,6.267269737,0,3.77,1.8,19.73496265,down,4.499895833,0.95375,23.17489583,0.189791667
11/22/2015,8.294166667,107.8333333,0.059,6.303191489,0,3.77,1.8,19.74401568,down,4.489791667,0.803541667,23.17177083,0.183541667
11/23/2015,8.293333333,107.6875,0.059375,6.321891622,0,3.766041667,1.720833333,19.75596426,down,4.464583333,0.5996875,23.17510417,0.190208333
11/24/2015,8.2946875,107.9375,0.060322581,6.514710771,0,3.785625,2.052083333,20.02919426,down,4.44125,0.4425,23.1903125,0.239479167
11/25/2015,8.306458333,110.2916667,0.060789474,6.673038564,0,3.794479167,2.190625,19.99159951,down,4.415625,0.318541667,23.17197917,0.183958333
11/26/2015,8.298333333,108.6666667,0.0632,6.572779605,0,3.806145833,2.484375,19.90857696,down,4.5175,0.713125,23.17125,0.1825
11/27/2015,8.295833333,108.1875,0.063793103,6.558759973,0,3.7909375,2.11875,19.90940815,down,4.46375,0.467708333,23.19364583,0.250104167
11/28/2015,8.295833333,108.1666667,0.068333333,6.548371011,0,3.778958333,1.889583333,19.91940783,down,4.426666667,0.340104167,23.2003125,0.2709375
11/29/2015,8.294895833,107.9895833,0.067666667,6.595744681,0,3.7715625,1.815625,19.91730376,down,4.4159375,0.3078125,23.21229167,0.310208333
11/30/2015,8.3025,109.5,0.065,6.672547043,0,3.773125,1.83125,19.96841768,down,4.441770833,0.3909375,23.214375,0.3175
12/1/2015,8.2978125,108.5625,0.063703704,6.764876995,0,3.78,1.9,19.98213094,down,4.483958333,0.548645833,23.22666667,0.373333333
12/2/2015,8.295,108.0104167,0.0603125,6.78025266,0,3.78,1.9,20.02685513,down,4.53125,0.782604167,23.23260417,0.400416667
12/3/2015,8.325104167,114.0833333,0.06,7.808344415,0,3.958020833,10.76145833,20.77326945,down,4.647395833,1.7953125,23.778125,22.6696875
12/4/2015,8.355208333,120.0833333,0.060322581,7.276429521,0,4.212395833,25.01041667,21.31732053,down,4.889479167,5.451041667,23.7234375,10.83645833
12/5/2015,8.353854167,119.7708333,0.061818182,5.920230263,0,4.042083333,11.759375,20.75839424,down,4.768645833,3.129166667,23.48604167,3.684375
12/6/2015,8.371458333,124.0729167,0.448064516,9.074551197,1.640213816,4.478333333,70.43541667,21.02024535,down,4.845104167,4.70625,23.76875,13.74479167
12/7/2015,8.345104167,118.1145833,0.863636364,7.556931516,0.814967105,4.411770833,49.76041667,21.1016457,down,4.966458333,7.413541667,23.60072917,6.579166667
12/8/2015,8.315104167,112.0208333,0.443333333,6.217170878,0.117603059,4.1521875,19.42708333,20.83610384,down,4.8221875,4.033333333,23.44041667,2.698958333
12/9/2015,8.316041667,112.2083333,0.148709677,6.123254654,0.135279605,4.107916667,16.23958333,21.1122313,down,4.79,3.469791667,23.49791667,4.333333333
12/10/2015,8.348958333,118.8333333,1.25030303,10.97944079,4.672539894,5.533333333,424.5833333,25.14669214,down,down,5.724375,24.2353125,44.77083333
12/11/2015,8.338958333,116.7916667,1.075,6.856299867,2.756578947,4.634791667,87.39583333,21.64146501,down,5.214166667,18.05208333,23.86625,17.86145833
12/12/2015,8.333854167,115.7708333,0.936153846,5.615026596,1.597406915,4.402916667,46.65625,20.72224076,down,4.933541667,6.533333333,23.5640625,5.455208333
12/13/2015,8.501979167,155.7395833,1.405869565,12.27019615,7.354554516,5.67625,539.6354167,26.68346776,1.539588235,down,5.8721875,24.49114583,82.759375
12/14/2015,8.41125,132.625,1.262258065,8.210189495,4.249588816,4.89125,154.09375,21.92876343,1.536166667,5.3428125,27.61458333,23.8659375,17.5
12/15/2015,8.337395833,116.4791667,1.045833333,6.512746711,2.660361842,4.582083333,76.19791667,20.48889803,1.37515625,5.027291667,9.427083333,23.63833333,7.595833333
12/16/2015,8.317708333,112.5416667,0.961875,5.888879654,1.970441366,4.441666667,52.15625,19.88449247,1.315666667,4.890520833,5.401041667,23.54552083,4.917708333
12/17/2015,8.3103125,111.0625,0.916666667,5.641206782,1.623355263,4.358229167,40.28125,19.67195909,1.287833333,4.823541667,4.047916667,23.49822917,3.820833333
12/18/2015,8.354270833,120.5729167,1.347428571,9.95802858,4.785361842,5.405104167,441.3020833,20.13256316,1.299947917,down,5.390208333,23.73052083,17.69895833
12/19/2015,8.481041667,148.7291667,1.562941176,11.20013298,6.337171053,5.350833333,315.3229167,22.54158268,1.81696875,down,5.921145833,23.98135417,24.88541667
12/20/2015,8.3996875,130.09375,1.3890625,9.7265625,6.252467105,5.458541667,381.3125,22.16339764,1.613291667,5.48125,41.47916667,24.063125,38.92916667
12/21/2015,8.891666667,down,2.598529412,19.20148025,14.53789895,7.549479167,1630.03125,31.34030577,4.307427083,down,7.005208333,25.38697917,231.8020833
12/22/2015,9.057291667,down,2.548297872,19.79014289,12.91178387,7.694270833,1600.010417,29.28108376,5.231427083,down,7.182708333,25.09697917,157.34375
12/23/2015,8.528333333,160.28125,1.677837838,13.28000332,7.588815789,5.675729167,439.96875,23.22076614,2.716333333,5.888125,97.78125,24.25791667,44.03125
12/24/2015,8.386666667,127.2291667,1.487,11.16564162,5.95412234,5.301354167,292.6145833,22.24336361,2.198958333,5.579166667,47.95833333,24.0746875,29.34375
12/25/2015,8.321875,113.375,1.338571429,9.345910904,4.69523112,5.06875,207.7708333,21.55157926,2.022354167,5.408958333,31.19791667,23.89260417,18.36458333
12/26/2015,8.283541667,106.3333333,1.246896552,8.495476974,3.813733553,4.913020833,156.3541667,20.81823471,1.846206522,5.275,21.22916667,23.77916667,12.875
12/27/2015,8.290520833,107.21875,1.19037037,8.003656915,3.317057292,4.822604167,130.7291667,20.3752493,1.75909375,5.195,16.5,23.72145833,10.36458333
12/28/2015,8.2971875,108.5833333,1.166,7.723570479,3.020559211,4.765625,115.9791667,20.17287237,1.703677083,5.152604167,14.35416667,23.689375,9.244791667
12/29/2015,8.303229167,109.6458333,1.119,7.332114362,2.647705078,4.698541667,100.1041667,19.8853058,1.649395833,5.098541667,12.13541667,23.6684375,8.542708333
12/30/2015,8.296770833,108.3541667,1.088965517,7.094830452,2.397615132,4.648333333,88.875,19.68791549,1.607614583,5.0671875,10.9375,23.63052083,7.315625
12/31/2015,8.302291667,109.4583333,1.061081081,6.849506579,2.212727865,4.604375,79.875,19.52543221,1.571135417,5.036458333,9.501041667,23.60885417,6.665625
1/1/2016,8.32,113,1.04,6.68,2.07,4.57,74,19.38,1.54496875,5.01,8.6,23.6,6.4
1/2/2016,8.32,113,1.02,6.52,1.95,4.54,68,19.30,1.520614583,4.98,7.7,23.58,5.8
1/3/2016,8.31,111,1.03,6.41,1.88,4.52,65,19.30,1.511489583,4.97,8,23.57,5.5
1/4/2016,8.33,115,1.15,6.76,2.50,4.67,94,19.49,1.541635417,5.06,16,23.73,11
1/5/2016,10.52,down,3.31,25.27,17.30,9.08,2560,27.15,2.965010417,6.67,down,25.22,173
1/6/2016,9.45,down,3.96,27.66,16.60,9.02,2510,31.56,3.80028125,6.81,down,26.05,370
1/7/2016,9.66,down,2.93,24.80,16.02,7.16,1180,30.39,3.56746875,6.63,down,25.48,226
1/8/2016,8.98,down,2.12,17.97,11.17,6.01,579,24.69,2.570229167,5.91,122,24.81,106
1/9/2016,8.74,down,2.03,16.25,9.84,5.72,455,23.24,2.259114583,5.69,88,24.61,79
1/10/2016,8.65,191,1.9,15.12,9.18,5.56,392,22.89,2.137541667,5.61,78,24.36,52
1/11/2016,8.56,165,1.74,14.57,8.13,5.37,318,22.15,2.005197917,5.48,62,24.18,37
1/12/2016,8.5,down,1.65,13.91,7.11,5.27,281,21.64,1.929571429,5.41,56,24.09,30
1/13/2016,9.67,down,2.68,23.05,12.77,8.09,1800,27.66,2.169114583,7.16,down,25.32,192
1/14/2016,8.94,down,2.41,18.44,9.96,6.08,610,24.61,2.164583333,6.14,143,24.73,95
1/15/2016,8.92,down,2.35,19.26,12.15,6.42,774,26.48,3.044427083,6.28,165,25.18,166
1/16/2016,9.02,down,3.79,21.64,15.86,6.54,835,27.34,2.70453125,6.35,177,25.54,239
1/17/2016,9.35,down,4.21,26.52,17.27,7.56,1430,26.29,2.817291667,7.01,down,25.05,143
1/18/2016,10.5,down,3.79,32.62,22.15,8.46,2070,36.17,4.354072917,8.48,down,26.81,596
1/19/2016,9.63,down,4.49,26.68,20.27,7.43,4450,30.59,3.670729167,7.41,down,25.86,317
1/20/2016,9.75,down,3.24,29.53,17.11,7.33,1050,30.31,3.322385417,7.19,down,25.58,246
1/21/2016,9.24,down,2.57,23.79,12.70,6.3,714,26.60,2.633291667,6.57,down,25.07,130
1/22/2016,9.18,down,2.76,24.34,13.63,6.26,695,29.34,2.445447917,6.79,down,25.41,202
1/23/2016,9.25,down,2.86,24.22,13.75,6.5,815,32.38,2.8383125,6.98,down,25.54,239
1/24/2016,9.09,down,2.47,24.57,12.54,6.04,592,28.48,2.69,6.65,down,25.12,155
1/25/2016,8.95,down,2.25,22.23,10.98,5.77,476,26.29,2.41,6.37,181,24.91,120
1/26/2016,8.82,down,2.04,20.12,9.30,5.52,348,24.96,2.2,6.16,146,24.76,99
1/27/2016,8.71,down,1.95,18.20,7.81,5.34,292,23.98,2.1,6.02,126,24.52,69
1/28/2016,8.63,202,1.83,16.76,6.64,5.21,270,23.28,2.09,5.93,113,24.41,57
1/29/2016,8.59,194,1.78,15.55,6.37,5.2,255,23.32,2.09,5.89,108,24.47,63
1/30/2016,8.58,191,1.75,15.27,6.02,5.31,296,25.70,2.19,6.04,128,24.9,119
1/31/2016,8.53,181,1.69,15.04,5.35,5.19,251,24.38,2.09,5.89,108,24.73,95
2/1/2016,8.49,173,1.63,14.38,4.69,5.09,204,23.48,2.03,5.78,95,24.61,79
2/2/2016,8.44,160,1.59,13,4.22,5.02,190,23.09,1.98,5.71,87,24.37,53
2/3/2016,8.4,153,1.54,12.6,3.87,4.95,184,22.62,1.95,5.64,79,24.31,48
2/4/2016,8.37,146,1.5,12.45,3.52,4.91,171,22.30,1.91,5.55,70,24.23,41
2/5/2016,8.34,141,1.47,12.3,3.28,4.85,155,21.95,1.88,5.49,64,24.19,38
2/6/2016,8.32,137,1.44,12,3.05,4.81,144,21.72,1.85,5.45,60,24.14,34
2/7/2016,8.31,134,1.42,11.5,2.85,4.77,133,21.56,1.82,5.41,57,24.1,31
2/8/2016,8.28,130,1.39,11.2,2.70,4.73,122,21.41,1.79,5.36,53,24.06,28
2/9/2016,8.25,124,1.37,10.8,2.50,4.69,112,21.21,1.75,5.28,46,24.03,26
2/10/2016,8.24,124,1.34,10,2.30,4.65,103,21.02,1.74,5.25,44,24,24
2/11/2016,8.23,121,1.33,9.9,2.15,4.63,98,20.94,1.72,5.22,42,23.97,22
2/12/2016,8.21,117,1.31,9.9,1.99,4.6,92,20.74,1.7,5.19,40,23.95,21
2/13/2016,8.21,117,1.29,8.8,1.84,4.57,87,20.66,1.69,5.15,37,23.93,20
2/14/2016,8.18,113,1.27,8.5,1.68,4.55,83,20.55,1.67,5.14,36,23.9,19
2/15/2016,8.19,115,1.25,9,1.56,4.53,79,20.55,1.66,5.12,35,23.88,18
2/16/2016,8.18,113,1.24,8.3,1.48,4.51,75,20.43,1.65,5.07,32,23.87,17
2/17/2016,8.17,111,1.24,8,1.45,4.5,74,20.51,1.64,5.07,32,23.86,17
2/18/2016,8.2,115,1.31,9.8,2.07,4.6,92,23.24,1.67,5.43,59,24.5,67
2/19/2016,8.19,115,1.34,9.7,2.30,4.63,98,22.58,1.65,5.86,104,24.34,51
2/20/2016,8.21,117,1.4,12,2.77,4.77,133,24.02,1.71,5.86,104,24.56,73
2/21/2016,8.18,113,1.34,10,2.46,4.65,103,22.66,1.68,5.6,75,24.36,52
2/22/2016,8.17,111,1.3,9.5,2.19,4.6,92,22.03,1.67,5.47,62,24.15,35
2/23/2016,8.16,109,1.28,9,1.99,4.57,87,21.68,1.65,5.39,55,24.09,30
2/24/2016,8.16,109,1.26,8.7,1.64,4.53,79,21.41,1.63,5.33,50,24.03,26
2/25/2016,8.15,107,1.24,8.5,1.60,4.5,74,21.21,1.62,5.28,46,23.99,24
2/26/2016,8.16,109,1.23,8.4,down,4.48,70,21.05,1.61,5.25,44,23.96,22
2/27/2016,8.16,109,1.22,8.3,down,4.46,66,20.98,1.6,5.22,42,23.95,21
2/28/2016,8.16,109,1.2,8.1,down,4.44,63,20.78,1.6,5.18,39,23.92,20
2/29/2016,8.15,107,1.2,8,down,4.43,61,20.66,1.59,5.16,38,23.9,19
3/1/2016,8.12,102,1.19,7.9,down,4.41,58,20.51,1.58,5.13,36,23.88,18
3/2/2016,8.11,100,1.18,7.7,down,4.4,56,20.47,1.57,5.11,34,23.86,17
3/3/2016,8.11,100,1.21,8.5,down,4.5,74,20.55,1.67,5.15,37,23.87,17
3/4/2016,8.11,100,1.2,8.6,down,4.45,65,20.55,1.69,5.13,36,23.88,18
3/5/2016,8.19,113,1.7,14.2,down,5.69,455,29.34,2.1,6.42,190,24.65,84
3/6/2016,10,down,3.68,45.5,15.20,7.72,1540,38.44,3.56,8.2,down,27.45,831
3/7/2016,11.15,down,4.31,35,20.35,8.51,2110,35.39,3.15,8.02,down,26.47,487
3/8/2016,9.62,down,3.01,25.5,14.88,6.44,784,28.91,2.48,6.64,down,25.33,194
3/9/2016,12.62,down,2.59,23.09,12.42,5.99,579,26.99,2.36,6.33,174,25.19,167
3/10/2016,11.98,down,4.79,37.38,21.95,9.48,2900,25.82,6.26,6.62,down,25.23,175
3/11/2016,11.12,down,4.81,37.11,24.5,8.24,1900,40.86,down,9.76,down,28,1060
3/12/2016,10.78,down,4.16,35.35,25,7.62,1470,35.43,4.47,7.66,down,26.41,470
3/13/2016,11.65,down,5.35,41.25,20,9.1,2580,36.17,3.47,8.51,down,27.01,666
3/14/2016,11.3,down,4.69,40.23,26,8.66,2220,39.26,4.25,8.61,down,27.2,735
3/15/2016,12.04,down,3.53,31.76,18,6.87,1010,31.60,2.81,7.3,down,25.77,294
3/16/2016,14.9,down,2.9,26.99,13.5,6.16,652,28.28,2.48,6.85,down,25.26,180
3/17/2016,14.7,down,2.52,23.98,12,5.77,484,26.33,2.33,6.61,down,25.08,148
3/18/2016,14.65,down,2.27,21.56,10,5.53,392,24.88,2.19,6.42,190,24.89,117
3/19/2016,13.04,down,2.11,19.69,8.51,5.35,326,23.91,2.1,6.24,159,24.69,89
3/20/2016,12.99,down,1.98,18.24,7.46,5.24,284,23.16,2.04,6.12,140,24.57,75
3/21/2016,13.01,down,2.15,19.53,8.59,5.43,356,25.51,2.15,6.39,184,24.78,101
3/22/2016,14.32,down,2.18,19.14,8.2,5.39,341,26.76,2.16,6.79,down,25.1,151
3/23/2016,13.24,down,1.95,17.93,7.6,5.25,288,25.00,2.08,6.44,193,24.86,113
3/24/2016,13.12,down,2.02,17.03,7.4,5.16,258,24.02,2.02,6.26,162,24.7,91
3/25/2016,13.15,down,1.92,16.41,6.68,5.09,233,23.40,1.98,6.15,145,24.53,70
3/26/2016,12.28,down,1.85,15.78,6.13,5.02,208,22.81,1.95,6.04,128,24.42,58
3/27/2016,12.27,down,1.79,15.16,5.63,4.96,187,22.27,1.92,5.93,113,24.38,54
3/28/2016,12.23,down,1.73,14.61,5.08,4.9,168,21.80,1.89,5.84,102,24.31,48
3/29/2016,10.13,down,1.68,14.30,4.77,4.85,155,21.41,1.87,5.76,92,24.26,43
3/30/2016,9.29,down,1.64,13.83,4.38,4.81,144,21.05,1.84,5.67,82,24.22,40
3/31/2016,9.49,down,1.6,13.40,4.02,4.76,130,20.74,1.82,5.6,75,24.18,37
4/1/2016,9.45,down,1.56,13.05,3.67,4.73,122,20.51,1.8,5.54,69,24.15,35
4/2/2016,9.11,down,1.53,12.70,3.44,4.69,112,20.31,1.79,5.51,66,24.11,32
4/3/2016,9.04,down,1.5,12.46,3.24,4.67,107,20.12,1.78,5.47,62,24.1,31
4/4/2016,9.01,down,1.48,12.15,3.05,4.64,100,19.92,1.76,5.43,59,24.08,30
4/5/2016,8.99,down,1.45,11.80,2.81,4.61,94,19.73,1.74,5.38,54,24.07,29
4/6/2016,8.97,down,1.42,11.56,2.66,4.59,92,19.61,1.73,5.34,51,24.02,26
4/7/2016,8.96,down,1.4,11.37,2.54,4.57,87,19.53,1.71,5.3,48,23.99,24
4/8/2016,8.95,down,1.38,11.17,2.46,4.56,83,19.45,1.71,5.28,46,23.98,23
4/9/2016,8.94,down,1.37,11.05,2.38,4.55,81,19.53,1.71,5.25,44,24.04,27
4/10/2016,8.95,down,1.37,11.02,2.46,4.54,79,19.84,1.72,5.31,49,24.2,38
4/11/2016,8.92,down,1.37,10.78,2.30,4.52,75,19.53,1.7,5.27,46,24.05,27
4/12/2016,8.91,down,1.35,10.59,2.15,4.51,74,19.34,1.69,5.22,42,23.99,24
4/13/2016,8.78,down,1.33,10.59,1.95,4.48,68,19.18,1.67,5.18,39,23.96,22
4/14/2016,8.76,down,1.31,10.59,2.15,4.57,85,19.73,1.72,5.26,45,24.23,41
4/15/2016,8.74,210,1.36,10.00,1.88,4.47,66,19.14,1.67,5.13,36,23.97,22
4/16/2016,8.45,130,1.29,9.77,1.72,4.44,61,19.02,1.65,5.09,33,23.93,20
4/17/2016,8.39,115,1.27,9.57,1.60,4.43,60,18.91,1.64,5.07,32,23.9,19
4/18/2016,8.37,111,1.26,9.41,1.52,4.41,56,18.83,1.63,5.04,30,23.87,17
4/19/2016,8.35,107,1.24,9.26,1.45,4.39,53,18.71,1.62,5.01,28,23.85,16
4/20/2016,8.34,106,1.23,9.14,1.37,4.38,52,18.63,1.61,4.99,27,23.84,16
4/21/2016,8.34,106,1.31,9.02,1.33,4.37,50,18.63,1.6,4.98,27,23.84,16
4/22/2016,8.35,107,1.28,10.31,2.19,4.48,66,20.08,1.68,5.08,32,24.9,119
4/23/2016,8.34,106,1.24,9.57,2.03,4.46,63,20.78,1.69,5.19,40,24.09,30
4/24/2016,8.33,104,1.21,9.22,1.68,4.4,53,19.69,1.66,5.07,32,23.97,21
4/25/2016,8.32,102,1.19,8.95,1.45,4.37,49,19.22,1.63,5.01,28,23.89,16
4/26/2016,8.31,100,1.18,8.75,1.33,4.35,46,18.98,1.62,4.97,26,23.86,14
4/27/2016,8.28,95,1.17,8.59,1.21,4.34,45,18.83,1.61,4.95,25,23.85,13
4/28/2016,8.28,95,1.16,8.55,1.17,4.34,45,18.79,1.6,4.95,25,23.84,13
4/29/2016,8.27,93,1.15,8.44,1.09,4.32,42,18.67,1.59,4.92,24,23.83,12
4/30/2016,8.28,95,1.14,8.28,1.02,4.31,41,18.59,down,4.89,22,23.81,12
5/1/2016,8.3,98,1.12,8.20,0.98,4.3,39,18.55,down,4.86,21,down,down
5/2/2016,8.29,96,1.12,8.05,0.86,4.28,37,18.48,down,4.84,20,down,down
5/3/2016,8.3,98,1.12,8.01,0.86,4.28,36,18.44,down,4.83,19,down,down
5/4/2016,8.31,100,1.12,7.97,0.82,4.27,35,18.44,down,4.83,19,down,down
5/5/2016,8.32,102,1.12,7.89,0.82,4.27,35,18.44,down,4.82,19,down,down
5/6/2016,8.29,96,1.11,7.85,0.82,4.27,35,18.40,down,4.82,19,down,down
5/7/2016,8.29,96,1.12,7.89,0.82,4.27,35,18.44,down,4.82,19,down,down
5/8/2016,8.29,96,1.11,7.85,0.94,4.27,35,18.75,down,4.89,22,down,down
5/9/2016,8.28,95,1.1,7.73,0.82,4.26,33,18.48,down,4.83,19,down,down
5/10/2016,8.28,95,1.09,7.66,0.78,4.24,31,18.36,down,4.8,18,down,down
5/11/2016,8.28,95,1.08,7.58,0.74,4.23,30,18.32,down,4.75,16,down,down
5/12/2016,8.27,93,1.07,7.54,0.66,4.22,29,18.24,down,4.73,15,down,down
5/13/2016,8.27,93,1.07,7.42,0.63,4.21,28,18.20,down,4.71,14,down,down
5/14/2016,8.27,93,1.07,7.34,0.59,4.2,26,18.16,down,4.72,15,down,down
5/15/2016,8.27,93,1.05,7.34,0.55,4.21,27,18.20,down,4.72,15,down,down
5/16/2016,8.27,93,1.04,7.23,0.47,4.19,25,18.13,down,4.7,14,down,down
5/17/2016,8.26,91,1.03,7.11,0.43,4.18,24,18.09,down,4.66,12,down,down
5/18/2016,8.29,96,1.02,7.03,0.35,4.16,22,18.05,down,4.63,11,down,down
5/19/2016,8.3,98,1,6.91,0.31,4.15,22,18.05,down,4.62,11,down,down
5/20/2016,8.3,98,1.01,6.80,0.23,4.14,21,17.97,down,4.61,10,down,down
5/21/2016,8.29,96,1.02,6.80,0.23,4.15,22,17.93,down,4.61,10,down,down
5/22/2016,8.29,96,1.02,6.80,0.27,4.15,22,17.89,down,4.66,12,down,down
5/23/2016,8.29,96,1.01,6.80,0.31,4.15,22,18.32,down,4.65,12,down,down
5/24/2016,8.28,95,1,6.72,0.27,4.15,22,18.09,down,4.65,12,down,down
5/25/2016,8.69,194,0.99,6.68,0.23,4.14,21,18.05,down,4.63,11,down,down
5/26/2016,8.33,104,0.98,6.64,0.23,4.13,20,17.93,down,4.62,11,down,down
5/27/2016,8.29,96,0.97,6.56,0.16,4.12,19,17.85,down,4.59,9.6,down,down
5/28/2016,8.28,95,0.97,6.48,0.12,4.12,19,17.89,down,4.57,9,down,down
5/29/2016,8.28,95,0.96,6.41,0.00,4.11,18,17.85,down,4.55,8.4,down,down
5/30/2016,8.27,93,0.95,6.37,0.00,4.1,18,17.77,down,4.54,8.1,down,down
5/31/2016,8.27,93,0.95,6.33,0.00,4.09,17,17.77,down,4.53,7.8,down,down
6/1/2016,8.25,89,0.94,6.25,0.00,4.09,17,17.77,down,4.52,7.5,down,down
6/2/2016,8.24,87,0.93,6.25,0.00,4.08,16,17.73,down,4.5,6.9,down,down
6/3/2016,8.24,87,0.92,11.21,0.00,4.07,15,17.70,down,4.48,6.4,down,down
6/4/2016,8.24,87,0.92,10.98,0.00,4.06,15,17.70,down,4.44,5.4,down,down
6/5/2016,8.24,87,0.91,10.23,0.00,4.07,15,17.66,down,4.45,5.7,down,down
6/6/2016,8.24,87,0.91,10.16,0.00,4.06,15,17.66,down,4.43,5.2,down,down
6/7/2016,8.22,84,0.91,10.23,0.00,4.05,14,17.62,down,4.43,5.2,down,down
6/8/2016,8.22,84,0.88,10.08,0.00,4.06,15,17.66,down,4.44,5.4,down,down
6/9/2016,8.22,84,0.9,10.00,0.00,4.05,14,17.66,down,4.45,5.7,down,down
6/10/2016,8.22,84,0.88,10.16,0.00,4.05,14,17.66,down,4.44,5.4,down,down
6/11/2016,8.22,84,0.87,10.04,0.00,4.03,13,17.58,down,4.43,5.2,down,down
6/12/2016,8.22,84,0.87,10.04,0.00,4.02,12,17.58,down,4.41,4.8,down,down
6/13/2016,8.22,84,0.86,9.96,0.00,4.01,12,17.58,down,4.4,4.6,down,down
6/14/2016,8.21,82,0.86,9.92,0.00,4.01,12,17.58,1.15,4.4,4.6,down,down
6/15/2016,8.21,82,0.86,9.88,0.00,3.99,10,17.58,1.15,4.39,4.4,down,down
6/16/2016,8.21,82,0.89,9.88,0.00,4,11,17.58,1.15,4.4,4.6,down,down
6/17/2016,8.21,82,0.93,10.35,0.00,4.05,14,17.54,1.15,4.42,5,down,down
6/18/2016,8.21,82,0.88,10.78,0.00,4.08,16,17.58,1.17,4.49,6.7,down,down
6/19/2016,8.21,82,0.85,10.20,0.00,4.03,13,17.58,1.15,4.42,5,down,down
6/20/2016,8.21,82,0.88,10.00,0.00,4,11,17.58,1.14,4.4,4.6,down,down
6/21/2016,8.23,86,0.8,9.84,0.00,3.98,9.9,17.54,1.13,4.35,3.6,down,down
6/22/2016,8.22,84,0.8,9.96,0.00,3.97,9.4,17.50,1.13,4.33,3.3,down,down
6/23/2016,8.22,84,0.8,9.88,0.00,3.96,8.9,17.50,1.13,4.33,3.3,down,down
6/24/2016,8.22,84,0.79,9.96,0.00,3.94,7.9,17.42,1.13,4.31,3,down,down
6/25/2016,8.22,84,0.77,9.92,0.00,3.94,7.9,17.50,1.12,4.31,3,down,down
6/26/2016,8.21,82,0.75,10.12,0.00,3.93,7.5,17.54,1.12,4.3,2.8,down,down
6/27/2016,8.22,84,0.72,9.88,0.00,3.92,7,17.50,1.12,4.28,2.5,down,down
6/28/2016,8.2,80,0.73,9.69,0.00,3.91,6.6,17.54,1.12,4.26,2.3,down,down
6/29/2016,8.21,82,0.71,9.53,0.00,3.9,6.2,17.54,1.11,4.26,2.3,down,down
6/30/2016,8.22,84,0.7,9.73,0.00,3.9,6.2,17.54,1.11,4.26,2.3,down,down
7/1/2016,8.22,84,0.67,9.80,0.00,3.89,4.5,17.58,1.11,4.25,2.1,down,down
7/2/2016,8.22,84,0.65,9.61,0.00,3.89,4.5,17.58,1.11,4.25,2.1,down,down
7/3/2016,8.22,84,0.67,9.61,0.00,3.89,4.5,17.58,1.11,4.25,2.1,down,down
7/4/2016,8.22,84,0.71,9.53,0.00,3.9,4.8,17.50,1.11,4.24,2,down,down
7/5/2016,8.22,84,0.69,9.57,0.00,3.9,4.8,17.50,1.12,4.26,2.3,down,down
7/6/2016,8.22,84,0.66,9.65,0.00,3.9,4.8,17.54,1.12,4.26,2.3,down,down
7/7/2016,8.21,82,0.64,9.34,0.00,3.9,4.8,17.50,1.12,4.24,2,down,down
7/8/2016,8.21,82,0.63,9.14,0.00,3.89,4.5,17.58,1.12,4.21,1.7,down,down
7/9/2016,8.22,84,0.61,9.02,0.00,3.89,4.5,17.58,1.13,4.2,1.6,down,down
7/10/2016,8.21,82,0.6,8.55,0.00,3.88,4.1,17.62,1.13,4.17,1.3,down,down
7/11/2016,8.22,84,0.59,8.40,0.00,3.88,4.1,17.66,1.13,4.16,1.2,down,down
7/12/2016,8.22,84,0.58,7.97,0.00,3.87,3.8,17.62,1.12,4.16,1.2,down,down
7/13/2016,8.24,87,0.57,7.77,0.00,3.87,3.8,17.70,1.12,4.14,1,down,down
7/14/2016,8.24,87,0.55,7.34,0.00,3.86,3.6,17.66,1.12,4.12,0.9,down,down
7/15/2016,8.23,86,0.53,8.05,0.00,3.84,3,17.70,1.12,4.11,0.83,down,down
7/16/2016,8.23,86,0.52,7.85,0.00,3.84,3,17.70,1.12,4.1,0.77,down,down
7/17/2016,8.23,86,0.51,8.16,0.00,3.85,3.3,17.70,1.13,4.11,0.83,down,down
7/18/2016,8.23,86,0.5,8.24,0.00,3.85,3.3,17.70,1.13,4.12,0.9,down,down
7/19/2016,8.22,84,0.49,8.01,0.00,3.84,3,17.66,1.13,4.12,0.9,down,down
7/20/2016,8.21,82,0.48,7.50,0.00,3.84,3,17.66,1.12,4.11,0.83,down,down
7/21/2016,8.21,82,0.46,7.19,0.00,3.83,2.8,17.70,1.12,4.09,0.71,down,down
7/22/2016,8.22,84,0.44,6.95,0.00,3.83,2.8,17.66,1.12,4.08,0.65,down,down
7/23/2016,8.27,95,0.39,6.48,0.00,3.82,2.3,17.66,1.12,4.06,0.54,down,down
7/24/2016,8.27,95,0.32,5.94,0.00,3.81,2.1,17.66,1.11,4.03,0.41,down,down
7/25/2016,8.27,96,0.2,5.35,0.00,3.79,1.8,17.66,1.11,4,0.3,down,down
7/26/2016,8.25,93,0.05,5.90,0.00,3.79,1.8,17.70,1.11,3.99,0.26,down,down
7/27/2016,8.24,91,0.05,4.88,0.00,3.79,1.8,17.66,1.1,3.99,0.26,down,down
7/28/2016,8.24,91,0.05,4.53,0.00,3.78,1.6,17.70,1.1,3.95,0.16,down,down
7/29/2016,8.24,91,0.05,4.38,0.00,3.78,1.6,17.66,1.1,3.83,0.04,down,down
7/30/2016,8.23,89,0.05,4.18,0.00,3.78,1.6,17.66,1.11,3.73,0,down,down
7/31/2016,8.25,93,0.05,4.30,0.00,3.77,1.4,17.62,1.11,3.66,0,down,down
8/1/2016,8.25,93,0.06,4.34,0.00,3.77,1.4,17.58,1.11,3.62,0,down,down
8/2/2016,8.24,91,0.06,4.69,0.00,3.78,1.6,17.62,1.11,3.6,0,down,down
8/3/2016,8.23,89,0.06,4.26,0.00,3.78,1.4,17.58,1.11,3.71,0,down,down
8/4/2016,8.23,89,0.06,4.10,0.00,3.78,1.4,17.58,1.12,3.82,0.03,down,down
8/5/2016,8.24,91,0.06,4.73,0.00,3.78,1.4,17.54,1.13,3.86,0.06,down,down
8/6/2016,8.24,91,0.06,4.69,0.00,3.79,1.6,17.54,1.14,3.93,0.12,down,down
8/7/2016,8.24,91,0.06,4.41,0.00,3.79,1.6,17.50,1.14,4,0.3,down,down
8/8/2016,8.24,91,0.05,3.98,0.00,3.78,1.4,17.58,1.13,3.99,0.26,down,down
8/9/2016,8.23,89,0.06,3.79,0.00,3.77,1.3,17.54,1.12,3.99,0.26,down,down
8/10/2016,8.23,89,0.05,3.59,0.00,3.75,1,17.54,1.11,3.91,0.09,down,down
8/11/2016,8.23,89,0.06,3.59,0.00,3.75,1,17.46,1.04,3.79,0.01,down,down
8/12/2016,8.23,89,0.06,3.59,0.00,3.76,1.1,17.58,1.04,3.71,0,down,down
8/13/2016,8.23,89,0.05,3.52,0.00,3.76,1.1,17.54,1.04,3.68,0,down,down
8/14/2016,8.23,89,0.06,3.44,0.00,3.76,1.1,17.54,1.05,3.65,0,down,down
8/15/2016,8.24,91,0.06,3.40,0.00,3.75,1,17.54,1.05,3.58,0,down,down
8/16/2016,8.24,91,0.05,3.48,0.00,3.75,1,17.54,1.06,3.5,0,down,down
8/17/2016,8.23,89,0.05,3.44,0.00,3.75,1,17.50,1.06,3.4,0,down,down
8/18/2016,8.24,91,0.05,3.36,0.00,3.75,0.89,17.46,1.06,3.37,0,down,down
8/19/2016,8.23,89,0.05,3.36,0.00,3.74,0.78,17.30,1.06,3.37,0,down,down
8/20/2016,8.24,91,0.05,3.20,0.00,3.74,0.78,17.34,1.06,3.37,0,down,down
8/21/2016,8.24,91,0.05,3.28,0.00,3.75,0.89,17.38,1.07,3.37,0,down,down
8/22/2016,8.24,91,0.05,3.28,0.00,3.75,0.89,17.46,1.07,3.37,0,down,down
8/23/2016,8.21,86,0.05,3.28,0.00,3.75,0.89,17.38,1.08,3.37,0,down,down
8/24/2016,8.21,86,0.05,3.40,0.00,3.75,0.89,17.38,1.09,3.37,0,down,down
8/25/2016,8.21,86,0.05,3.44,0.00,3.75,0.89,17.38,1.09,3.37,0,down,down
8/26/2016,8.21,86,0.05,3.48,0.00,3.76,1,17.38,1.08,3.37,0,down,down
8/27/2016,8.21,86,0.06,3.55,0.00,3.76,1,17.38,1.09,3.39,0,down,down
8/28/2016,8.21,86,0.05,3.55,0.00,3.78,1.3,17.38,1.08,3.47,0,down,down
8/29/2016,8.22,87,0.06,3.48,0.00,3.78,1.3,17.46,1.07,3.6,0,down,down
8/30/2016,8.23,89,0.06,3.48,0.00,3.77,1.1,17.54,1.06,3.72,0,down,down
8/31/2016,8.22,87,0.06,3.28,0.00,3.76,1,17.50,1.04,3.71,0,down,down
9/1/2016,8.22,87,0.06,3.05,0.00,3.75,0.89,17.46,1.03,3.6,0,down,down
9/2/2016,8.21,86,0.06,3.05,0.00,3.75,0.89,17.50,1.02,3.47,0,down,down
9/3/2016,8.21,86,0.06,3.01,0.00,3.74,0.78,17.38,0.99,3.37,0,down,down
9/4/2016,8.21,86,0.06,2.97,0.00,3.74,0.78,17.42,0.94,3.37,0,down,down
9/5/2016,8.22,87,0.05,2.85,0.00,3.73,0.68,17.42,0.9,3.37,0,down,down
9/6/2016,8.22,87,0.06,2.81,0.00,3.72,0.59,17.46,0.86,3.37,0,down,down
9/7/2016,8.21,86,0.05,2.89,0.00,3.72,0.59,17.42,0.78,3.37,0,down,down
9/8/2016,8.21,86,0.06,2.81,0.00,3.72,0.59,17.42,0.7,3.37,0,down,down
9/9/2016,8.22,87,0.06,2.77,0.00,3.72,0.59,17.46,0.65,3.37,0,down,down
9/10/2016,8.21,86,0.06,2.81,0.00,3.72,0.59,17.58,0.67,3.37,0,down,down
9/11/2016,8.22,87,0.05,3.01,0.00,3.71,0.5,17.58,0.77,3.37,0,down,down
9/12/2016,8.22,87,0.06,3.05,0.00,3.73,0.68,17.58,0.85,3.37,0,down,down
9/13/2016,8.2,84,0.06,3.09,0.00,3.74,0.78,17.58,0.96,3.37,0,down,down
9/14/2016,8.19,82,0.06,2.81,0.00,3.74,0.78,17.66,0.9,3.37,0,down,down
9/15/2016,8.2,84,0.06,2.81,0.00,3.75,0.89,17.66,0.76,3.37,0,down,down
9/16/2016,8.22,87,0.06,2.77,0.00,3.75,0.89,17.66,0.68,3.37,0,down,down
9/17/2016,8.22,87,0.05,2.70,0.00,3.75,0.89,17.73,0.66,3.37,0,down,down
9/18/2016,8.22,87,0.05,2.54,0.00,3.74,0.78,17.66,0.65,3.37,0,down,down
9/19/2016,8.23,89,0.06,2.62,0.00,3.73,0.68,17.66,0.63,3.37,0,down,down
9/20/2016,8.22,87,0.06,2.50,0.00,3.72,0.59,17.66,0.57,3.37,0,down,down
9/21/2016,8.22,87,0.06,2.42,0.00,3.71,0.5,17.66,0.5,3.37,0,down,down
9/22/2016,8.22,87,0.05,2.38,0.00,3.7,0.43,17.70,0.45,3.37,0,down,down
9/23/2016,8.22,87,0.06,2.27,0.00,3.68,0.3,17.70,0.41,3.37,0,down,down
9/24/2016,8.23,89,0.06,2.30,0.00,3.67,0.24,17.70,0.38,3.37,0,down,down
9/25/2016,8.23,89,0.06,2.34,0.00,3.66,0.2,17.70,0.34,3.37,0,down,down
9/26/2016,8.23,89,0.06,2.27,0.00,3.65,0.15,17.77,0.3,3.37,0,down,down
9/27/2016,8.22,87,0.06,2.15,0.00,3.65,0.15,17.85,0.24,3.37,0,down,down
9/28/2016,8.22,87,0.06,2.11,0.00,3.65,0.15,17.85,0.2,3.37,0,down,down
9/29/2016,8.23,89,0.06,2.42,0.00,3.64,0.12,17.85,0.16,3.37,0,down,down
9/30/2016,8.23,89,0.06,2.73,0.00,3.64,0.12,17.93,0.13,3.37,0,down,down
10/1/2016,8.23,89,0.06,2.85,0.00,3.63,0.09,17.97,0.1,3.37,0,23.13,0.15
10/2/2016,8.23,89,0.06,2.77,0.00,3.64,0.12,17.97,0.08,3.37,0,23.13,0.15
10/3/2016,8.23,89,0.06,2.66,0.00,3.68,0.3,18.01,0.09,3.37,0,23.13,0.15
10/4/2016,8.22,87,0.06,3.75,0.00,3.75,0.89,18.13,0.2,3.37,0,23.14,0.19
10/5/2016,8.21,86,0.06,3.48,0.00,3.78,1.3,17.93,0.59,3.37,0,23.13,0.15
10/6/2016,8.21,86,0.06,3.13,0.00,3.75,0.89,17.97,0.65,3.37,0,23.13,0.15
10/7/2016,8.2,84,0.06,3.01,0.00,3.74,0.78,18.13,0.59,3.37,0,23.12,0.12
10/8/2016,8.2,84,0.06,2.81,0.00,3.73,0.68,18.16,0.46,3.57,0,23.13,0.15
10/9/2016,8.2,84,0.06,2.89,0.00,3.73,0.68,18.09,0.44,3.69,0,23.12,0.12
10/10/2016,8.21,86,0.06,down,0.00,3.72,0.59,18.01,0.35,3.62,0,23.12,0.12
10/11/2016,8.2,84,0.06,down,0.00,3.72,0.59,18.05,0.29,3.54,0,23.12,0.12
10/12/2016,8.2,84,0.06,down,0.00,3.71,0.5,18.01,0.24,3.46,0,23.13,0.15
10/13/2016,8.2,84,0.06,down,0.00,3.71,0.5,18.01,0.19,3.46,0,23.14,0.19
10/14/2016,8.22,87,0.05,down,0.00,3.95,5.5,18.01,0.19,3.73,0,23.51,5.5
10/15/2016,8.2,84,0.06,down,0.00,4.03,8.9,18.05,1.07,4.35,3.6,23.51,5.5
10/16/2016,8.21,86,0.05,down,0.00,4.38,39,18.05,1.25,4.72,15,23.48,13
10/17/2016,8.23,89,0.06,down,0.00,4.22,22,18.05,1.14,4.53,7.8,24.16,38
10/18/2016,8.21,86,0.06,down,0.00,4.09,12,18.71,1.09,4.41,4.8,23.48,4.8
10/19/2016,8.21,86,0.05,down,0.00,3.99,7,18.43,1.07,4.28,2.7,23.32,1.7
10/20/2016,8.21,86,0.06,down,0.00,3.94,5.1,18.32,1.06,4.23,1.9,23.28,1.2
10/21/2016,8.23,89,0.06,down,0.00,3.8,3.9,18.28,1.06,4.21,1.7,23.23,0.74
10/22/2016,8.23,89,0.06,down,0.00,3.88,3.3,18.24,1.07,4.18,1.4,23.21,0.58
10/23/2016,8.23,89,0.06,down,0.00,3.87,3,18.28,1.07,4.2,1.6,23.19,0.51
10/24/2016,8.23,89,0.06,down,0.00,3.86,2.8,18.28,1.06,4.19,1.5,23.19,0.44
10/25/2016,8.32,106,1.31,down,1.875,5,177,28.16,1.59,6.54,down,25.19,167
10/26/2016,8.39,119,1.36,down,3.00,4.91,149,21.17,1.36,5.81,95,24.06,30
10/27/2016,8.35,111,1.08,down,1.05,4.4,49,19.14,1.22,4.98,26,23.7,12
10/28/2016,8.33,107,1.09,down,4.88,5.45,341,26.21,1.29,5.37,52,25.27,182
10/29/2016,8.45,134,1.64,down,5.19,5.16,233,23.20,1.99,6.05,127,24.22,44
10/30/2016,8.37,115,1.43,down,3.32,5,177,21.29,1.75,5.87,102,24.04,29
10/31/2016,8.57,170,1.63,down,5.07,5.34,300,21.95,down,6.24,152,32,24.08
11/1/2016,8.75,down,1.87,down,6.44,5.44,337,23.52,down,6.47,195,24.21,42
11/2/2016,8.55,160,1.51,down,3.48,4.93,155,21.01,down,5.7,84,23.88,20
11/3/2016,8.46,137,1.35,down,3.13,4.7,105,19.80,down,5.33,49,23.78,15
11/4/2016,8.44,132,1.25,down,2.50,4.57,77,19.26,down,5.14,35,23.71,12
11/5/2016,8.41,126,1.18,down,1.88,4.49,63,18.95,down,5,27,23.66,10
11/6/2016,8.38,117,1.14,down,1.64,4.44,55,19.30,down,4.92,23,23.64,9.3
11/7/2016,8.38,117,1.09,down,1.36,4.39,47,19.14,down,4.86,20,23.63,9.3
11/8/2016,8.37,115,1.06,down,1.17,4.34,41,19.02,down,4.8,17,23.61,8.6
11/9/2016,8.37,115,1.06,down,1.09,4.31,37,19.06,down,4.74,15,23.57,7.3
11/10/2016,8.37,115,1,down,1.05,4.28,33,19.1,down,4.71,14,23.56,7
11/11/2016,8.36,113,0.66,down,1.02,4.26,31,19.14,down,4.67,12,23.54,6.4
11/12/2016,8.34,109,0.97,down,0.82,4.24,29,19.14,down,4.65,12,23.53,6.1
11/13/2016,8.34,109,0.96,down,0.86,4.22,27,19.22,down,4.63,11,23.52,5.8
11/14/2016,8.34,109,0.95,down,0.90,4.21,26,19.3,down,4.61,11,23.51,5.5
11/15/2016,8.33,107,0.94,down,0.90,4.19,24,19.22,down,4.59,9.9,23.5,5.3
11/16/2016,8.33,107,0.95,down,0.74,4.19,24,19.26,down,4.59,9.9,23.5,5.3
11/17/2016,8.33,107,0.93,down,0.55,4.18,23,19.49,1.17,4.57,9.2,23.5,5.3
11/18/2016,8.33,115,0.93,down,0.39,4.16,18,19.53,1.17,4.55,10,23.48,4.8
11/19/2016,8.57,170,2.27,down,13.00,7.12,1160,22.93,1.67,4.79,19,25.68,272
11/20/2016,8.86,Down,2.31,down,10.82,6.46,794,28.63,2.41,6.69,down,25.48,226
11/21/2016,8.75,Down,1.84,down,6.99,5.53,394,23.36,1.9,6.06,132,24.46,65
11/22/2016,8.58,173,1.64,down,4.88,5.12,230,21.29,1.69,5.6,77,24.14,36
11/23/2016,8.62,183,1.65,down,4.92,5.13,233,23.63,1.69,5.95,117,24.4,58
11/24/2016,8.52,158,1.51,down,3.91,4.92,158,21.48,1.62,5.52,69,24.08,32
11/25/2016,8.49,150,1.43,down,3.44,4.83,133,20.66,1.55,5.33,52,23.98,26
11/26/2016,8.56,168,1.68,down,7.27,5.17,248,20.74,1.5,5.3,50,24.44,62
11/27/2016,8.89,Down,1.85,down,6.49,5.66,431,23.05,2.28,6.04,129,24.64,84
11/28/2016,8.75,Down,1.69,down,5.90,5.31,300,21.6,1.94,5.7,87,24.23,43
11/29/2016,8.63,186,1.57,down,4.61,5.09,219,20.7,1.75,5.52,69,24.09,33
11/30/2016,8.56,168,1.48,down,3.82,4.95,168,20.08,1.65,5.35,53,23.97,25
12/1/2016,8.52,158,1.4,down,3.20,4.85,138,19.69,1.58,5.26,47,23.91,21
12/2/2016,8.48,148,1.35,down,2.66,4.77,117,19.61,1.51,5.16,39,23.86,19
12/3/2016,8.45,139,1.3,down,2.27,4.71,103,19.45,1.46,5.09,35,23.82,11
12/4/2016,8.44,137,1.26,down,1.99,4.66,92,19.26,1.42,5.04,32,23.8,10
12/5/2016,8.42,132,1.23,down,1.80,4.61,81,19.06,1.4,5,30,23.78,9.3
12/6/2016,8.41,130,1.19,down,1.52,4.57,74,18.83,1.37,4.94,26,23.75,8.3
12/7/2016,8.39,126,1.17,down,1.38,4.54,68,18.79,1.35,4.91,25,23.74,7.9
12/8/2016,8.47,146,1.72,down,6.37,5.14,233,19.84,1.59,5.02,31,24.46,54
12/9/2016,8.54,163,1.97,down,9.10,5.67,435,22.07,2.78,5.7,87,24.38,47
12/10/2016,9.91,down,4.27,down,20.59,9.32,2760,44.61,3.14,9.56,down,25.61,248
12/11/2016,9.14,down,2.47,down,11.88,6.21,671,26.64,2.71,6.79,down,25.1,143
12/12/2016,8.83,down,2,down,8.52,5.56,392,23.4,2.17,6.24,160,24.81,96
12/13/2016,8.7,down,1.78,down,6.52,5.25,273,21.95,1.94,5.98,121,24.42,51
12/14/2016,8.67,196,1.72,down,6.64,5.55,388,22,1.9,5.98,121,24.41,50
12/15/2016,10.28,down,4.2,down,18.90,11.59,4970,34.22,3.26,8.95,down,25.17,155
12/16/2016,10.73,down,4.01,down,18.90,8.17,1570,35.9,3.16,8.3,down,27.21,738
12/17/2016,9.48,down,2.76,down,12.73,6.3,530,28.4,1.84,6.68,down,25.29,177
12/18/2016,9.11,down,2.34,down,9.84,5.67,281,25.63,1.42,6.26,163,24.94,166
12/19/2016,8.88,down,2.09,down,7.93,5.34,164,23.98,1.19,6.02,126,24.67,78
12/20/2016,8.76,down,1.94,down,6.56,5.13,107,22.929688,1.03,5.58,105,24.51,59
12/21/2016,8.68,199,1.83,down,5.625,4.99,77,22.265625,0.91,5.74,91,24.43,51
12/22/2016,8.62,183,1.74,down,4.84,4.88,58,21.601562,0.82,5.64,80,24.34,43
12/23/2016,8.64,188,1.97,down,8.12,5.04,87,24.34,1.08,5.83,102,25.37,194
12/24/2016,8.64,188,1.97,down,6.45,4.99,77,23.67,1.05,5.76,94,24.77,91
12/25/2016,8.58,173,1.78,down,5.7,4.86,55,22.34,0.9,5.62,78,24.46,54
12/26/2016,8.54,163,1.71,down,5.16,4.78,43,21.68,0.8,5.54,71,24.35,44
12/27/2016,8.51,155,1.66,down,4.65,4.71,35,21.17,0.72,5.49,66,24.27,37
12/28/2016,8.49,150,1.62,down,4.26,4.66,29,20.86,0.66,5.45,62,24.22,33
12/29/2016,8.46,160,1.59,down,3.91,4.6,23,20.59,0.61,5.4,58,24.17,30
12/30/2016,8.45,158,1.56,down,3.63,4.57,21,20.35,0.57,5.38,56,24.14,27
12/31/2016,8.43,153,1.54,down,3.36,4.54,18,20.12,0.54,5.35,53,24.11,26
1/1/2017,8.41,148,1.51,down,3.125,4.51,16,19.96,0.5,5.32,52,24.07,23
1/2/2017,8.41,148,1.48,down,2.85,4.47,13,19.8,0.47,5.3,50,24.05,22
1/3/2017,8.41,148,1.51,down,3.16,4.52,17,20.63,0.49,5.31,51,24.42,51
1/4/2017,10.9,down,down,down,20.63,8.35,1700,20.63,2.69,7.85,down,28.24,1170
1/5/2017,9.44,down,down,down,14.34,6.09,443,30.04,1.59,6.34,177,25.52,257
1/6/2017,9.09,down,down,down,11.45,5.55,237,26.99,1.28,6.03,128,25.12,180
1/7/2017,9.12,down,down,down,12.8125,5.57,244,28.59375,1.15,6.09,136,25.36,226
1/8/2017,13.94,down,down,down,45.820312,14.57,8100,65.78125,3.27,17.68,down,31.65,3270
1/9/2017,13.05,down,down,down,27.34375,9.12,2270,41.33,4.21,9.18,down,27.92,1030
1/10/2017,12.3,down,down,down,32.93,9.71,2750,48.28,2.91,9.99,down,28.01,1070
1/11/2017,13.78,down,down,down,32.3,10.15,3140,45.7,3.7,9.81,down,28.4,1250
1/12/2017,11.21,down,down,down,21.68,7.83,1350,39.49,2.82,7.52,down,27.73,945
1/13/2017,13.33,down,down,down,16.8,6.46,601,33.32,1.93,6.54,down,25.74,307
1/14/2017,16.1,down,down,down,14.34,5.77,318,30.47,1.61,6.12,141,25.28,211
1/15/2017,16.44,down,down,down,12.62,5.38,177,28.75,1.41,5.85,105,25.05,169
1/16/2017,16.64,down,down,down,11.21,5.09,98,27.42,1.26,5.68,84,24.91,146
1/17/2017,16.71,down,down,down,10,4.89,60,26.56,1.16,5.54,71,24.76,122
1/18/2017,15.9,down,down,down,9.22,4.77,42,25.6,1.08,5.46,63,24.72,116
1/19/2017,12.63,down,down,down,28.16,7.92,1410,37.27,2.73,8.48,down,27.12,705
1/20/2017,13.79,down,down,down,34.8,9.18,2320,42.77,4.88,10.24,down,29.27,1860
1/21/2017,11.81,down,down,down,24.06,7.18,964,38.05,2.25,8.3,down,26.09,475
1/22/2017,16.14,down,down,down,39.65,11.32,4260,49.84,5.38,10.8,down,30.47,2540
1/23/2017,down,down,down,down,23.71,7.42,1100,37.54,2.67,7.55,down,26.6,680
1/24/2017,17.44,down,down,down,18.09,6.56,647,33.28,2.13,6.79,down,25.78,372
1/25/2017,17.19,down,down,down,14.92,5.92,376,30.59,1.72,6.35,179,25.4,253
1/26/2017,17.07,down,down,down,12.89,5.57,244,28.98,1.5,6.1,138,25.19,198
1/27/2017,17.59,down,down,down,11.33,5.32,158,27.7,1.35,5.91,111,25.02,160
1/28/2017,17.54,down,down,down,10.08,5.13,408,26.76,1.23,5.78,96,24.87,130
1/29/2017,17.55,down,down,down,9.14,4.99,352,26.05,1.14,5.68,84,24.73,104
1/30/2017,17.42,down,down,down,8.32,4.88,311,25.43,1.07,5.6,77,24.67,95
1/31/2017,17.45,down,down,down,7.66,4.79,277,24.96,1,5.53,126,24.61,84
2/1/2017,17.33,down,down,down,7.03,4.71,248,24.61,0.94,5.47,114,24.55,76
2/2/2017,13.88,down,down,down,12.46,5.23,447,29.65,1.49,6.35,197,26.06,467
2/3/2017,14.51,down,down,down,20.23,8.47,2320,35.86,3.24,8.7,down,26.03,456
2/4/2017,14.2,down,down,down,22.15,7.2,1450,36.88,1.86,7.1,down,25.99,442
2/5/2017,13.94,down,down,down,17.58,6.37,970,32.7,1.6,6.61,down,25.39,250
2/6/2017,14.79,down,down,down,18.48,7.39,1570,37.78,1.96,8.4,down,26.19,512
2/7/2017,18.02,down,down,down,61.6,17.26,12600,72.81,5.38,14.75,down,33.05,4430
2/8/2017,12.12,down,down,down,31.33,8.92,2670,47.73,4.31,9.34,down,29.65,2070
2/9/2017,11.61,down,down,down,26.45,7.96,1950,40,2.84,8.06,down,27.25,953
2/10/2017,12.59,down,down,down,29.06,8.95,2690,42.03,3.23,8.7,down,27.82,1180
2/11/2017,11.6,down,down,down,20,7.07,1360,35.47,2.11,7.03,down,26.13,490
2/12/2017,17.73,down,down,down,15.94,6.07,815,32.15,1.62,6.34,down,25.55,296
2/13/2017,17.69,down,down,down,13.63,5.56,579,30.08,1.37,5.94,down,25.29,223
2/14/2017,17.63,down,down,down,11.95,5.25,455,28.48,1.21,5.69,165,25.11,179
2/15/2017,17.55,down,down,down,10.73,5.03,368,27.42,1.08,5.52,125,24.69,146
2/16/2017,14.26,down,down,down,14.57,6.92,1270,38.01,2.25,7.26,down,26.81,772
2/17/2017,11.63,down,down,down,11.76,5.34,492,30.08,1.41,5.67,160,25.25,213
2/18/2017,12.96,down,down,down,23,7.36,1550,39.18,3.02,7.36,down,27.05,879
2/19/2017,11.15,down,down,down,18.71,6.24,899,33.79,2.02,6.31,down,25.81,384
2/20/2017,12.76,down,down,down,35,10.24,3810,46.52,4.28,9.61,down,28.51,1490
2/21/2017,13.05,down,down,down,28.24,8.99,2730,41.88,2.77,8.54,down,27.08,891
2/22/2017,11.27,down,down,down,20.04,7.08,1370,35.63,1.95,7.18,down,25.93,423
2/23/2017,15.21,down,down,down,16.17,6.23,893,32.54,1.57,6.59,down,25.53,291
2/24/2017,15.07,down,down,down,13.91,5.71,647,30.31,1.33,6.21,down,25.59,223
2/25/2017,15.01,down,down,down,12.38,5.41,518,28.95,1.18,5.99,down,25.16,190
2/26/2017,14.83,down,down,down,11.17,5.21,439,27.81,1.07,5.84,down,25.01,157
2/27/2017,14.78,down,down,down,10.04,5.06,380,26.95,0.99,5.7,167,24.87,130
2/28/2017,14.7,down,down,down,8.95,4.92,326,26.09,0.91,5.59,141,24.77,111
3/1/2017,14.57,down,down,down,7.9,4.8,281,25.39,0.84,5.49,118,24.65,91
3/2/2017,14.63,down,down,down,7.15,4.72,251,24.88,0.79,5.42,103,24.61,84
3/3/2017,14.56,down,down,down,6.6,4.65,226,24.49,0.75,5.35,91,24.55,76
3/4/2017,1307,down,down,down,6.17,4.59,204,24.14,0.72,5.3,82,24.51,70
3/5/2017,13.01,down,down,down,6.4,4.72,251,27.42,0.78,5.39,98,24.83,122
3/6/2017,12.91,down,down,down,6.13,4.7,244,27.42,0.76,5.4,100,24.89,133
3/7/2017,12.89,down,down,down,5.66,4.64,222,26.72,0.76,5.52,125,24.72,103
3/8/2017,12.95,down,down,down,5.23,4.58,201,25.86,0.73,5.38,126,24.63,88
3/9/2017,12.86,down,down,down,update,4.53,184,25.31,0.7,5.3,111,24.51,70
3/10/2017,,,,,,,,,,,,,
3/11/2017,,,,,,,,,,,,,
3/12/2017,,,,,,,,,,,,,
3/13/2017,,,,,,,,,,,,,
3/14/2017,,,,,,,,,,,,,
3/15/2017,,,,,,,,,,,,,
3/16/2017,,,,,,,,,,,,,
3/17/2017,,,,,,,,,,,,,
3/18/2017,,,,,,,,,,,,,
3/19/2017,,,,,,,,,,,,,
3/20/2017,,,,,,,,,,,,,
3/21/2017,,,,,,,,,,,,,
3/22/2017,,,,,,,,,,,,,
3/23/2017,,,,,,,,,,,,,
3/24/2017,,,,,,,,,,,,,
3/25/2017,,,,,,,,,,,,,
3/26/2017,,,,,,,,,,,,,
3/27/2017,,,,,,,,,,,,,
3/28/2017,,,,,,,,,,,,,
3/29/2017,,,,,,,,,,,,,
3/30/2017,,,,,,,,,,,,,
3/31/2017,,,,,,,,,,,,,
4/1/2017,,,,,,,,,,,,,
4/2/2017,,,,,,,,,,,,,
4/3/2017,,,,,,,,,,,,,
4/4/2017,,,,,,,,,,,,,
4/5/2017,,,,,,,,,,,,,
4/6/2017,,,,,,,,,,,,,
4/7/2017,,,,,,,,,,,,,
4/8/2017,,,,,,,,,,,,,
4/9/2017,,,,,,,,,,,,,
4/10/2017,,,,,,,,,,,,,
4/11/2017,,,,,,,,,,,,,
4/12/2017,,,,,,,,,,,,,
4/13/2017,,,,,,,,,,,,,
4/14/2017,,,,,,,,,,,,,
4/15/2017,,,,,,,,,,,,,
4/16/2017,,,,,,,,,,,,,
4/17/2017,,,,,,,,,,,,,
4/18/2017,,,,,,,,,,,,,
4/19/2017,,,,,,,,,,,,,
4/20/2017,,,,,,,,,,,,,
4/21/2017,,,,,,,,,,,,,
4/22/2017,,,,,,,,,,,,,
4/23/2017,,,,,,,,,,,,,
4/24/2017,,,,,,,,,,,,,
4/25/2017,,,,,,,,,,,,,
